2025-11-05 11:03:54.894 [main] INFO  s.authservice.AuthServiceApplication - Starting AuthServiceApplication using Java 21.0.8 with PID 67554 (/Users/jeong-yeongjin/Desktop/exProject/project/backend/auth-service/build/classes/java/main started by jeong-yeongjin in /Users/jeong-yeongjin/Desktop/exProject/project/backend/auth-service)
2025-11-05 11:03:54.897 [main] INFO  s.authservice.AuthServiceApplication - The following 1 profile is active: "local"
2025-11-05 11:03:55.785 [main] INFO  o.s.d.r.c.RepositoryConfigurationDelegate - Multiple Spring Data modules found, entering strict repository configuration mode
2025-11-05 11:03:55.787 [main] INFO  o.s.d.r.c.RepositoryConfigurationDelegate - Bootstrapping Spring Data JPA repositories in DEFAULT mode.
2025-11-05 11:03:55.983 [main] INFO  o.s.d.r.c.RepositoryConfigurationDelegate - Finished Spring Data repository scanning in 186 ms. Found 3 JPA repository interfaces.
2025-11-05 11:03:56.006 [main] INFO  o.s.d.r.c.RepositoryConfigurationDelegate - Multiple Spring Data modules found, entering strict repository configuration mode
2025-11-05 11:03:56.008 [main] INFO  o.s.d.r.c.RepositoryConfigurationDelegate - Bootstrapping Spring Data Redis repositories in DEFAULT mode.
2025-11-05 11:03:56.035 [main] INFO  o.s.d.r.c.RepositoryConfigurationExtensionSupport - Spring Data Redis - Could not safely identify store assignment for repository candidate interface spring.authservice.adapter.out.persistence.RefreshTokenSessionRepository; If you want this repository to be a Redis repository, consider annotating your entities with one of these annotations: org.springframework.data.redis.core.RedisHash (preferred), or consider extending one of the following types with your repository: org.springframework.data.keyvalue.repository.KeyValueRepository
2025-11-05 11:03:56.036 [main] INFO  o.s.d.r.c.RepositoryConfigurationExtensionSupport - Spring Data Redis - Could not safely identify store assignment for repository candidate interface spring.authservice.adapter.out.persistence.SecurityAuditLogRepository; If you want this repository to be a Redis repository, consider annotating your entities with one of these annotations: org.springframework.data.redis.core.RedisHash (preferred), or consider extending one of the following types with your repository: org.springframework.data.keyvalue.repository.KeyValueRepository
2025-11-05 11:03:56.036 [main] INFO  o.s.d.r.c.RepositoryConfigurationExtensionSupport - Spring Data Redis - Could not safely identify store assignment for repository candidate interface spring.authservice.adapter.out.persistence.UserRepository; If you want this repository to be a Redis repository, consider annotating your entities with one of these annotations: org.springframework.data.redis.core.RedisHash (preferred), or consider extending one of the following types with your repository: org.springframework.data.keyvalue.repository.KeyValueRepository
2025-11-05 11:03:56.036 [main] INFO  o.s.d.r.c.RepositoryConfigurationDelegate - Finished Spring Data repository scanning in 14 ms. Found 0 Redis repository interfaces.
2025-11-05 11:03:56.664 [main] INFO  o.s.b.w.e.tomcat.TomcatWebServer - Tomcat initialized with port 9001 (http)
2025-11-05 11:03:56.677 [main] INFO  o.a.coyote.http11.Http11NioProtocol - Initializing ProtocolHandler ["http-nio-9001"]
2025-11-05 11:03:56.678 [main] INFO  o.a.catalina.core.StandardService - Starting service [Tomcat]
2025-11-05 11:03:56.678 [main] INFO  o.a.catalina.core.StandardEngine - Starting Servlet engine: [Apache Tomcat/10.1.46]
2025-11-05 11:03:56.719 [main] INFO  o.a.c.c.C.[Tomcat].[localhost].[/] - Initializing Spring embedded WebApplicationContext
2025-11-05 11:03:56.719 [main] INFO  o.s.b.w.s.c.ServletWebServerApplicationContext - Root WebApplicationContext: initialization completed in 1783 ms
2025-11-05 11:03:57.295 [main] INFO  o.s.o.j.p.SpringPersistenceUnitInfo - No LoadTimeWeaver setup: ignoring JPA class transformer
2025-11-05 11:03:57.321 [main] INFO  com.zaxxer.hikari.HikariDataSource - HikariPool-1 - Starting...
2025-11-05 11:03:57.544 [main] INFO  com.zaxxer.hikari.pool.HikariPool - HikariPool-1 - Added connection org.postgresql.jdbc.PgConnection@1b5f960a
2025-11-05 11:03:57.546 [main] INFO  com.zaxxer.hikari.HikariDataSource - HikariPool-1 - Start completed.
2025-11-05 11:03:57.599 [main] WARN  org.hibernate.orm.deprecation - HHH90000025: PostgreSQLDialect does not need to be specified explicitly using 'hibernate.dialect' (remove the property setting and it will be selected by default)
2025-11-05 11:03:58.655 [main] INFO  o.s.o.j.LocalContainerEntityManagerFactoryBean - Initialized JPA EntityManagerFactory for persistence unit 'default'
2025-11-05 11:03:59.293 [main] INFO  o.s.d.j.r.query.QueryEnhancerFactory - Hibernate is in classpath; If applicable, HQL parser will be used.
2025-11-05 11:04:00.543 [main] WARN  o.s.b.a.o.j.JpaBaseConfiguration$JpaWebConfiguration - spring.jpa.open-in-view is enabled by default. Therefore, database queries may be performed during view rendering. Explicitly configure spring.jpa.open-in-view to disable this warning
2025-11-05 11:04:00.831 [main] INFO  o.s.v.b.OptionalValidatorFactoryBean - Failed to set up a Bean Validation provider: jakarta.validation.NoProviderFoundException: Unable to create a Configuration, because no Jakarta Bean Validation provider could be found. Add a provider like Hibernate Validator (RI) to your classpath.
2025-11-05 11:04:00.964 [main] INFO  n.d.b.g.s.a.GrpcServerFactoryAutoConfiguration - Detected grpc-netty-shaded: Creating ShadedNettyGrpcServerFactory
2025-11-05 11:04:01.298 [main] INFO  o.a.coyote.http11.Http11NioProtocol - Starting ProtocolHandler ["http-nio-9001"]
2025-11-05 11:04:01.315 [main] INFO  o.s.b.w.e.tomcat.TomcatWebServer - Tomcat started on port 9001 (http) with context path '/'
2025-11-05 11:04:01.429 [main] INFO  n.d.b.g.s.s.AbstractGrpcServerFactory - Registered gRPC service: spring.authservice.grpc.TokenService, bean: tokenServiceGrpcImpl, class: spring.authservice.adapter.in.grpc.TokenServiceGrpcImpl
2025-11-05 11:04:01.429 [main] INFO  n.d.b.g.s.s.AbstractGrpcServerFactory - Registered gRPC service: spring.authservice.grpc.UserInfoService, bean: userInfoGrpcServiceImpl, class: spring.authservice.adapter.in.grpc.UserInfoGrpcServiceImpl
2025-11-05 11:04:01.429 [main] INFO  n.d.b.g.s.s.AbstractGrpcServerFactory - Registered gRPC service: grpc.health.v1.Health, bean: grpcHealthService, class: io.grpc.protobuf.services.HealthServiceImpl
2025-11-05 11:04:01.429 [main] INFO  n.d.b.g.s.s.AbstractGrpcServerFactory - Registered gRPC service: grpc.reflection.v1alpha.ServerReflection, bean: protoReflectionService, class: io.grpc.protobuf.services.ProtoReflectionService
2025-11-05 11:04:01.554 [main] INFO  n.d.b.g.s.s.GrpcServerLifecycle - gRPC Server started, listening on address: *, port: 9090
2025-11-05 11:04:01.570 [main] INFO  s.authservice.AuthServiceApplication - Started AuthServiceApplication in 7.266 seconds (process running for 8.054)
2025-11-05 11:04:25.851 [http-nio-9001-exec-1] INFO  o.a.c.c.C.[Tomcat].[localhost].[/] - Initializing Spring DispatcherServlet 'dispatcherServlet'
2025-11-05 11:04:25.851 [http-nio-9001-exec-1] INFO  o.s.web.servlet.DispatcherServlet - Initializing Servlet 'dispatcherServlet'
2025-11-05 11:04:25.852 [http-nio-9001-exec-1] INFO  o.s.web.servlet.DispatcherServlet - Completed initialization in 1 ms
2025-11-05 11:04:26.422 [http-nio-9001-exec-1] INFO  s.a.application.service.EmailService - 양방향 참조 Redis 저장 완료 - email: yjincode@gmail.com, token: ef2d80a061274791865fa2f7e6f03509, code: 417045
2025-11-05 11:04:31.344 [http-nio-9001-exec-1] INFO  s.a.application.service.EmailService - 이메일 인증 발송 성공: yjincode@gmail.com
2025-11-05 11:04:54.227 [http-nio-9001-exec-2] INFO  s.a.application.service.EmailService - 토큰 기반 이메일 인증 성공: yjincode@gmail.com (token: ef2d80a061274791865fa2f7e6f03509)
2025-11-05 11:07:34.470 [http-nio-9001-exec-6] INFO  s.a.application.service.EmailService - 양방향 참조 Redis 저장 완료 - email: yjincode@gmail.com, token: 35efda1cd083452780bedaa894334a8d, code: 355120
2025-11-05 11:07:38.423 [http-nio-9001-exec-6] INFO  s.a.application.service.EmailService - 이메일 인증 발송 성공: yjincode@gmail.com
2025-11-05 11:07:42.726 [http-nio-9001-exec-7] WARN  s.a.application.service.EmailService - 토큰이 만료되거나 존재하지 않음: ef2d80a061274791865fa2f7e6f03509
2025-11-05 11:07:50.546 [http-nio-9001-exec-8] INFO  s.a.application.service.EmailService - 토큰 기반 이메일 인증 성공: yjincode@gmail.com (token: 35efda1cd083452780bedaa894334a8d)
2025-11-05 11:08:20.101 [http-nio-9001-exec-10] INFO  s.a.application.service.EmailService - 양방향 참조 Redis 저장 완료 - email: yjincode@gmail.com, token: b97aa7329fba42b48bc97a262a0a89f5, code: 394503
2025-11-05 11:08:23.905 [http-nio-9001-exec-10] INFO  s.a.application.service.EmailService - 이메일 인증 발송 성공: yjincode@gmail.com
2025-11-05 11:08:39.800 [http-nio-9001-exec-1] WARN  s.a.application.service.EmailService - 토큰이 만료되거나 존재하지 않음: 35efda1cd083452780bedaa894334a8d
2025-11-05 11:08:52.936 [http-nio-9001-exec-3] INFO  s.a.application.service.EmailService - 토큰 기반 이메일 인증 성공: yjincode@gmail.com (token: b97aa7329fba42b48bc97a262a0a89f5)
2025-11-05 11:09:32.389 [http-nio-9001-exec-5] INFO  s.a.application.service.EmailService - 양방향 참조 Redis 저장 완료 - email: yjincode@gmail.com, token: 4b366415b8a4407b919905ca57e8ee52, code: 852707
2025-11-05 11:09:35.779 [http-nio-9001-exec-5] INFO  s.a.application.service.EmailService - 이메일 인증 발송 성공: yjincode@gmail.com
2025-11-05 11:17:04.613 [http-nio-9001-exec-9] INFO  s.a.application.service.EmailService - 양방향 참조 Redis 저장 완료 - email: yjincode@gmail.com, token: 978c749ad617457684536700216395a7, code: 329990
2025-11-05 11:17:08.365 [http-nio-9001-exec-9] INFO  s.a.application.service.EmailService - 이메일 인증 발송 성공: yjincode@gmail.com
2025-11-05 11:17:08.414 [http-nio-9001-exec-10] INFO  s.a.a.i.w.EmailVerificationSseController - SSE 인증 대기 요청: yjincode@gmail.com
2025-11-05 11:17:08.416 [http-nio-9001-exec-10] INFO  s.a.a.s.EmailVerificationSseService - SSE 연결 생성: yjincode@gmail.com
2025-11-05 11:17:31.130 [http-nio-9001-exec-1] INFO  s.a.application.service.EmailService - 토큰 기반 이메일 인증 성공: yjincode@gmail.com (token: 978c749ad617457684536700216395a7)
2025-11-05 11:17:31.135 [redisMessageListenerContainer-1] INFO  s.a.a.s.EmailVerificationSseService - 이메일 인증 완료 알림 수신: yjincode@gmail.com
2025-11-05 11:17:31.137 [http-nio-9001-exec-2] ERROR s.a.a.s.EmailVerificationSseService - SSE 연결 에러: yjincode@gmail.com
org.springframework.web.context.request.async.AsyncRequestNotUsableException: Servlet container error notification for disconnected client
	at org.springframework.web.context.request.async.WebAsyncManager.lambda$startDeferredResultProcessing$6(WebAsyncManager.java:451)
	at org.springframework.web.context.request.async.StandardServletAsyncWebRequest.lambda$onError$0(StandardServletAsyncWebRequest.java:195)
	at java.base/java.util.ArrayList.forEach(ArrayList.java:1596)
	at org.springframework.web.context.request.async.StandardServletAsyncWebRequest.onError(StandardServletAsyncWebRequest.java:195)
	at org.apache.catalina.core.AsyncListenerWrapper.fireOnError(AsyncListenerWrapper.java:49)
	at org.apache.catalina.core.AsyncContextImpl.setErrorState(AsyncContextImpl.java:413)
	at org.apache.catalina.connector.CoyoteAdapter.asyncDispatch(CoyoteAdapter.java:155)
	at org.apache.coyote.AbstractProcessor.dispatch(AbstractProcessor.java:243)
	at org.apache.coyote.AbstractProcessorLight.process(AbstractProcessorLight.java:57)
	at org.apache.coyote.AbstractProtocol$ConnectionHandler.process(AbstractProtocol.java:903)
	at org.apache.tomcat.util.net.NioEndpoint$SocketProcessor.doRun(NioEndpoint.java:1776)
	at org.apache.tomcat.util.net.SocketProcessorBase.run(SocketProcessorBase.java:52)
	at org.apache.tomcat.util.threads.ThreadPoolExecutor.runWorker(ThreadPoolExecutor.java:975)
	at org.apache.tomcat.util.threads.ThreadPoolExecutor$Worker.run(ThreadPoolExecutor.java:493)
	at org.apache.tomcat.util.threads.TaskThread$WrappingRunnable.run(TaskThread.java:63)
	at java.base/java.lang.Thread.run(Thread.java:1583)
Caused by: java.io.IOException: Broken pipe
	at java.base/sun.nio.ch.SocketDispatcher.write0(Native Method)
	at java.base/sun.nio.ch.SocketDispatcher.write(SocketDispatcher.java:62)
	at java.base/sun.nio.ch.IOUtil.writeFromNativeBuffer(IOUtil.java:137)
	at java.base/sun.nio.ch.IOUtil.write(IOUtil.java:102)
	at java.base/sun.nio.ch.IOUtil.write(IOUtil.java:58)
	at java.base/sun.nio.ch.SocketChannelImpl.write(SocketChannelImpl.java:542)
	at org.apache.tomcat.util.net.NioChannel.write(NioChannel.java:125)
	at org.apache.tomcat.util.net.NioEndpoint$NioSocketWrapper.doWrite(NioEndpoint.java:1415)
	at org.apache.tomcat.util.net.SocketWrapperBase.doWrite(SocketWrapperBase.java:732)
	at org.apache.tomcat.util.net.SocketWrapperBase.flushBlocking(SocketWrapperBase.java:698)
	at org.apache.tomcat.util.net.SocketWrapperBase.flush(SocketWrapperBase.java:683)
	at org.apache.coyote.http11.Http11OutputBuffer$SocketOutputBuffer.flush(Http11OutputBuffer.java:574)
	at org.apache.coyote.http11.filters.ChunkedOutputFilter.flush(ChunkedOutputFilter.java:156)
	at org.apache.coyote.http11.Http11OutputBuffer.flush(Http11OutputBuffer.java:216)
	at org.apache.coyote.http11.Http11Processor.flush(Http11Processor.java:1273)
	at org.apache.coyote.AbstractProcessor.action(AbstractProcessor.java:408)
	at org.apache.coyote.Response.action(Response.java:208)
	at org.apache.catalina.connector.OutputBuffer.doFlush(OutputBuffer.java:300)
	at org.apache.catalina.connector.OutputBuffer.flush(OutputBuffer.java:266)
	at org.apache.catalina.connector.CoyoteOutputStream.flush(CoyoteOutputStream.java:133)
	at org.springframework.security.web.util.OnCommittedResponseWrapper$SaveContextServletOutputStream.flush(OnCommittedResponseWrapper.java:524)
	at org.springframework.web.context.request.async.StandardServletAsyncWebRequest$LifecycleServletOutputStream.flush(StandardServletAsyncWebRequest.java:415)
	at org.springframework.util.StreamUtils.copy(StreamUtils.java:137)
	at org.springframework.http.converter.StringHttpMessageConverter.writeInternal(StringHttpMessageConverter.java:128)
	at org.springframework.http.converter.StringHttpMessageConverter.writeInternal(StringHttpMessageConverter.java:44)
	at org.springframework.http.converter.AbstractHttpMessageConverter.write(AbstractHttpMessageConverter.java:235)
	at org.springframework.web.servlet.mvc.method.annotation.ResponseBodyEmitterReturnValueHandler$DefaultSseEmitterHandler.sendInternal(ResponseBodyEmitterReturnValueHandler.java:315)
	at org.springframework.web.servlet.mvc.method.annotation.ResponseBodyEmitterReturnValueHandler$DefaultSseEmitterHandler.send(ResponseBodyEmitterReturnValueHandler.java:302)
	at org.springframework.web.servlet.mvc.method.annotation.ResponseBodyEmitter.sendInternal(ResponseBodyEmitter.java:255)
	at org.springframework.web.servlet.mvc.method.annotation.ResponseBodyEmitter.send(ResponseBodyEmitter.java:242)
	at org.springframework.web.servlet.mvc.method.annotation.SseEmitter.send(SseEmitter.java:128)
	at spring.authservice.application.service.EmailVerificationSseService.lambda$createMessageListener$3(EmailVerificationSseService.java:87)
	at org.springframework.data.redis.listener.RedisMessageListenerContainer.processMessage(RedisMessageListenerContainer.java:821)
	at org.springframework.data.redis.listener.RedisMessageListenerContainer.lambda$dispatchMessage$23(RedisMessageListenerContainer.java:978)
	... 1 common frames omitted
2025-11-05 11:17:31.136 [redisMessageListenerContainer-1] ERROR s.a.a.s.EmailVerificationSseService - SSE 메시지 전송 실패: yjincode@gmail.com
org.springframework.web.context.request.async.AsyncRequestNotUsableException: ServletOutputStream failed to flush: java.io.IOException: Broken pipe
	at org.springframework.web.context.request.async.StandardServletAsyncWebRequest$LifecycleHttpServletResponse.handleIOException(StandardServletAsyncWebRequest.java:346)
	at org.springframework.web.context.request.async.StandardServletAsyncWebRequest$LifecycleServletOutputStream.flush(StandardServletAsyncWebRequest.java:418)
	at org.springframework.util.StreamUtils.copy(StreamUtils.java:137)
	at org.springframework.http.converter.StringHttpMessageConverter.writeInternal(StringHttpMessageConverter.java:128)
	at org.springframework.http.converter.StringHttpMessageConverter.writeInternal(StringHttpMessageConverter.java:44)
	at org.springframework.http.converter.AbstractHttpMessageConverter.write(AbstractHttpMessageConverter.java:235)
	at org.springframework.web.servlet.mvc.method.annotation.ResponseBodyEmitterReturnValueHandler$DefaultSseEmitterHandler.sendInternal(ResponseBodyEmitterReturnValueHandler.java:315)
	at org.springframework.web.servlet.mvc.method.annotation.ResponseBodyEmitterReturnValueHandler$DefaultSseEmitterHandler.send(ResponseBodyEmitterReturnValueHandler.java:302)
	at org.springframework.web.servlet.mvc.method.annotation.ResponseBodyEmitter.sendInternal(ResponseBodyEmitter.java:255)
	at org.springframework.web.servlet.mvc.method.annotation.ResponseBodyEmitter.send(ResponseBodyEmitter.java:242)
	at org.springframework.web.servlet.mvc.method.annotation.SseEmitter.send(SseEmitter.java:128)
	at spring.authservice.application.service.EmailVerificationSseService.lambda$createMessageListener$3(EmailVerificationSseService.java:87)
	at org.springframework.data.redis.listener.RedisMessageListenerContainer.processMessage(RedisMessageListenerContainer.java:821)
	at org.springframework.data.redis.listener.RedisMessageListenerContainer.lambda$dispatchMessage$23(RedisMessageListenerContainer.java:978)
	at java.base/java.lang.Thread.run(Thread.java:1583)
Caused by: org.apache.catalina.connector.ClientAbortException: java.io.IOException: Broken pipe
	at org.apache.catalina.connector.OutputBuffer.doFlush(OutputBuffer.java:304)
	at org.apache.catalina.connector.OutputBuffer.flush(OutputBuffer.java:266)
	at org.apache.catalina.connector.CoyoteOutputStream.flush(CoyoteOutputStream.java:133)
	at org.springframework.security.web.util.OnCommittedResponseWrapper$SaveContextServletOutputStream.flush(OnCommittedResponseWrapper.java:524)
	at org.springframework.web.context.request.async.StandardServletAsyncWebRequest$LifecycleServletOutputStream.flush(StandardServletAsyncWebRequest.java:415)
	... 13 common frames omitted
Caused by: java.io.IOException: Broken pipe
	at java.base/sun.nio.ch.SocketDispatcher.write0(Native Method)
	at java.base/sun.nio.ch.SocketDispatcher.write(SocketDispatcher.java:62)
	at java.base/sun.nio.ch.IOUtil.writeFromNativeBuffer(IOUtil.java:137)
	at java.base/sun.nio.ch.IOUtil.write(IOUtil.java:102)
	at java.base/sun.nio.ch.IOUtil.write(IOUtil.java:58)
	at java.base/sun.nio.ch.SocketChannelImpl.write(SocketChannelImpl.java:542)
	at org.apache.tomcat.util.net.NioChannel.write(NioChannel.java:125)
	at org.apache.tomcat.util.net.NioEndpoint$NioSocketWrapper.doWrite(NioEndpoint.java:1415)
	at org.apache.tomcat.util.net.SocketWrapperBase.doWrite(SocketWrapperBase.java:732)
	at org.apache.tomcat.util.net.SocketWrapperBase.flushBlocking(SocketWrapperBase.java:698)
	at org.apache.tomcat.util.net.SocketWrapperBase.flush(SocketWrapperBase.java:683)
	at org.apache.coyote.http11.Http11OutputBuffer$SocketOutputBuffer.flush(Http11OutputBuffer.java:574)
	at org.apache.coyote.http11.filters.ChunkedOutputFilter.flush(ChunkedOutputFilter.java:156)
	at org.apache.coyote.http11.Http11OutputBuffer.flush(Http11OutputBuffer.java:216)
	at org.apache.coyote.http11.Http11Processor.flush(Http11Processor.java:1273)
	at org.apache.coyote.AbstractProcessor.action(AbstractProcessor.java:408)
	at org.apache.coyote.Response.action(Response.java:208)
	at org.apache.catalina.connector.OutputBuffer.doFlush(OutputBuffer.java:300)
	... 17 common frames omitted
2025-11-05 11:17:31.168 [http-nio-9001-exec-2] INFO  s.a.a.s.EmailVerificationSseService - SSE 연결 정상 종료: yjincode@gmail.com
2025-11-05 11:19:25.492 [SpringApplicationShutdownHook] INFO  n.d.b.g.s.s.GrpcServerLifecycle - Completed gRPC server shutdown
2025-11-05 11:19:25.494 [SpringApplicationShutdownHook] INFO  o.s.b.w.e.tomcat.GracefulShutdown - Commencing graceful shutdown. Waiting for active requests to complete
2025-11-05 11:19:25.496 [tomcat-shutdown] INFO  o.s.b.w.e.tomcat.GracefulShutdown - Graceful shutdown complete
2025-11-05 11:19:25.516 [SpringApplicationShutdownHook] INFO  o.s.o.j.LocalContainerEntityManagerFactoryBean - Closing JPA EntityManagerFactory for persistence unit 'default'
2025-11-05 11:19:25.520 [SpringApplicationShutdownHook] INFO  com.zaxxer.hikari.HikariDataSource - HikariPool-1 - Shutdown initiated...
2025-11-05 11:19:25.522 [SpringApplicationShutdownHook] INFO  com.zaxxer.hikari.HikariDataSource - HikariPool-1 - Shutdown completed.
2025-11-05 11:19:31.425 [main] INFO  s.authservice.AuthServiceApplication - Starting AuthServiceApplication using Java 21.0.8 with PID 78197 (/Users/jeong-yeongjin/Desktop/exProject/project/backend/auth-service/build/classes/java/main started by jeong-yeongjin in /Users/jeong-yeongjin/Desktop/exProject/project/backend/auth-service)
2025-11-05 11:19:31.427 [main] INFO  s.authservice.AuthServiceApplication - The following 1 profile is active: "local"
2025-11-05 11:19:32.239 [main] INFO  o.s.d.r.c.RepositoryConfigurationDelegate - Multiple Spring Data modules found, entering strict repository configuration mode
2025-11-05 11:19:32.240 [main] INFO  o.s.d.r.c.RepositoryConfigurationDelegate - Bootstrapping Spring Data JPA repositories in DEFAULT mode.
2025-11-05 11:19:32.405 [main] INFO  o.s.d.r.c.RepositoryConfigurationDelegate - Finished Spring Data repository scanning in 156 ms. Found 3 JPA repository interfaces.
2025-11-05 11:19:32.421 [main] INFO  o.s.d.r.c.RepositoryConfigurationDelegate - Multiple Spring Data modules found, entering strict repository configuration mode
2025-11-05 11:19:32.422 [main] INFO  o.s.d.r.c.RepositoryConfigurationDelegate - Bootstrapping Spring Data Redis repositories in DEFAULT mode.
2025-11-05 11:19:32.437 [main] INFO  o.s.d.r.c.RepositoryConfigurationExtensionSupport - Spring Data Redis - Could not safely identify store assignment for repository candidate interface spring.authservice.adapter.out.persistence.RefreshTokenSessionRepository; If you want this repository to be a Redis repository, consider annotating your entities with one of these annotations: org.springframework.data.redis.core.RedisHash (preferred), or consider extending one of the following types with your repository: org.springframework.data.keyvalue.repository.KeyValueRepository
2025-11-05 11:19:32.438 [main] INFO  o.s.d.r.c.RepositoryConfigurationExtensionSupport - Spring Data Redis - Could not safely identify store assignment for repository candidate interface spring.authservice.adapter.out.persistence.SecurityAuditLogRepository; If you want this repository to be a Redis repository, consider annotating your entities with one of these annotations: org.springframework.data.redis.core.RedisHash (preferred), or consider extending one of the following types with your repository: org.springframework.data.keyvalue.repository.KeyValueRepository
2025-11-05 11:19:32.438 [main] INFO  o.s.d.r.c.RepositoryConfigurationExtensionSupport - Spring Data Redis - Could not safely identify store assignment for repository candidate interface spring.authservice.adapter.out.persistence.UserRepository; If you want this repository to be a Redis repository, consider annotating your entities with one of these annotations: org.springframework.data.redis.core.RedisHash (preferred), or consider extending one of the following types with your repository: org.springframework.data.keyvalue.repository.KeyValueRepository
2025-11-05 11:19:32.438 [main] INFO  o.s.d.r.c.RepositoryConfigurationDelegate - Finished Spring Data repository scanning in 8 ms. Found 0 Redis repository interfaces.
2025-11-05 11:19:33.103 [main] INFO  o.s.b.w.e.tomcat.TomcatWebServer - Tomcat initialized with port 9001 (http)
2025-11-05 11:19:33.116 [main] INFO  o.a.coyote.http11.Http11NioProtocol - Initializing ProtocolHandler ["http-nio-9001"]
2025-11-05 11:19:33.118 [main] INFO  o.a.catalina.core.StandardService - Starting service [Tomcat]
2025-11-05 11:19:33.118 [main] INFO  o.a.catalina.core.StandardEngine - Starting Servlet engine: [Apache Tomcat/10.1.46]
2025-11-05 11:19:33.173 [main] INFO  o.a.c.c.C.[Tomcat].[localhost].[/] - Initializing Spring embedded WebApplicationContext
2025-11-05 11:19:33.173 [main] INFO  o.s.b.w.s.c.ServletWebServerApplicationContext - Root WebApplicationContext: initialization completed in 1712 ms
2025-11-05 11:19:33.758 [main] INFO  o.s.o.j.p.SpringPersistenceUnitInfo - No LoadTimeWeaver setup: ignoring JPA class transformer
2025-11-05 11:19:33.787 [main] INFO  com.zaxxer.hikari.HikariDataSource - HikariPool-1 - Starting...
2025-11-05 11:19:33.931 [main] INFO  com.zaxxer.hikari.pool.HikariPool - HikariPool-1 - Added connection org.postgresql.jdbc.PgConnection@1b5f960a
2025-11-05 11:19:33.932 [main] INFO  com.zaxxer.hikari.HikariDataSource - HikariPool-1 - Start completed.
2025-11-05 11:19:33.962 [main] WARN  org.hibernate.orm.deprecation - HHH90000025: PostgreSQLDialect does not need to be specified explicitly using 'hibernate.dialect' (remove the property setting and it will be selected by default)
2025-11-05 11:19:34.827 [main] INFO  o.s.o.j.LocalContainerEntityManagerFactoryBean - Initialized JPA EntityManagerFactory for persistence unit 'default'
2025-11-05 11:19:36.168 [main] INFO  o.s.d.j.r.query.QueryEnhancerFactory - Hibernate is in classpath; If applicable, HQL parser will be used.
2025-11-05 11:19:37.500 [main] WARN  o.s.b.a.o.j.JpaBaseConfiguration$JpaWebConfiguration - spring.jpa.open-in-view is enabled by default. Therefore, database queries may be performed during view rendering. Explicitly configure spring.jpa.open-in-view to disable this warning
2025-11-05 11:19:37.839 [main] INFO  o.s.v.b.OptionalValidatorFactoryBean - Failed to set up a Bean Validation provider: jakarta.validation.NoProviderFoundException: Unable to create a Configuration, because no Jakarta Bean Validation provider could be found. Add a provider like Hibernate Validator (RI) to your classpath.
2025-11-05 11:19:37.950 [main] INFO  n.d.b.g.s.a.GrpcServerFactoryAutoConfiguration - Detected grpc-netty-shaded: Creating ShadedNettyGrpcServerFactory
2025-11-05 11:19:38.243 [main] INFO  o.a.coyote.http11.Http11NioProtocol - Starting ProtocolHandler ["http-nio-9001"]
2025-11-05 11:19:38.253 [main] INFO  o.s.b.w.e.tomcat.TomcatWebServer - Tomcat started on port 9001 (http) with context path '/'
2025-11-05 11:19:38.332 [main] INFO  n.d.b.g.s.s.AbstractGrpcServerFactory - Registered gRPC service: spring.authservice.grpc.TokenService, bean: tokenServiceGrpcImpl, class: spring.authservice.adapter.in.grpc.TokenServiceGrpcImpl
2025-11-05 11:19:38.332 [main] INFO  n.d.b.g.s.s.AbstractGrpcServerFactory - Registered gRPC service: spring.authservice.grpc.UserInfoService, bean: userInfoGrpcServiceImpl, class: spring.authservice.adapter.in.grpc.UserInfoGrpcServiceImpl
2025-11-05 11:19:38.332 [main] INFO  n.d.b.g.s.s.AbstractGrpcServerFactory - Registered gRPC service: grpc.health.v1.Health, bean: grpcHealthService, class: io.grpc.protobuf.services.HealthServiceImpl
2025-11-05 11:19:38.332 [main] INFO  n.d.b.g.s.s.AbstractGrpcServerFactory - Registered gRPC service: grpc.reflection.v1alpha.ServerReflection, bean: protoReflectionService, class: io.grpc.protobuf.services.ProtoReflectionService
2025-11-05 11:19:38.433 [main] INFO  n.d.b.g.s.s.GrpcServerLifecycle - gRPC Server started, listening on address: *, port: 9090
2025-11-05 11:19:38.442 [main] INFO  s.authservice.AuthServiceApplication - Started AuthServiceApplication in 7.718 seconds (process running for 8.495)
2025-11-05 11:20:08.891 [http-nio-9001-exec-1] INFO  o.a.c.c.C.[Tomcat].[localhost].[/] - Initializing Spring DispatcherServlet 'dispatcherServlet'
2025-11-05 11:20:08.892 [http-nio-9001-exec-1] INFO  o.s.web.servlet.DispatcherServlet - Initializing Servlet 'dispatcherServlet'
2025-11-05 11:20:08.893 [http-nio-9001-exec-1] INFO  o.s.web.servlet.DispatcherServlet - Completed initialization in 1 ms
2025-11-05 11:20:09.409 [http-nio-9001-exec-1] INFO  s.a.application.service.EmailService - 양방향 참조 Redis 저장 완료 - email: yjincode@gmail.com, token: 011b1e24fe634ed8b4bbc97b22565d47, code: 846244
2025-11-05 11:20:13.731 [http-nio-9001-exec-1] INFO  s.a.application.service.EmailService - 이메일 인증 발송 성공: yjincode@gmail.com
2025-11-05 11:20:13.804 [http-nio-9001-exec-2] INFO  s.a.a.i.w.EmailVerificationSseController - SSE 인증 대기 요청: yjincode@gmail.com
2025-11-05 11:20:13.806 [http-nio-9001-exec-2] INFO  s.a.a.s.EmailVerificationSseService - SSE 연결 생성: yjincode@gmail.com
2025-11-05 11:21:04.717 [SpringApplicationShutdownHook] INFO  n.d.b.g.s.s.GrpcServerLifecycle - Completed gRPC server shutdown
2025-11-05 11:21:04.719 [SpringApplicationShutdownHook] INFO  o.s.b.w.e.tomcat.GracefulShutdown - Commencing graceful shutdown. Waiting for active requests to complete
2025-11-05 11:21:12.476 [main] INFO  s.authservice.AuthServiceApplication - Starting AuthServiceApplication using Java 21.0.8 with PID 79294 (/Users/jeong-yeongjin/Desktop/exProject/project/backend/auth-service/build/classes/java/main started by jeong-yeongjin in /Users/jeong-yeongjin/Desktop/exProject/project/backend/auth-service)
2025-11-05 11:21:12.477 [main] INFO  s.authservice.AuthServiceApplication - The following 1 profile is active: "local"
2025-11-05 11:21:13.245 [main] INFO  o.s.d.r.c.RepositoryConfigurationDelegate - Multiple Spring Data modules found, entering strict repository configuration mode
2025-11-05 11:21:13.247 [main] INFO  o.s.d.r.c.RepositoryConfigurationDelegate - Bootstrapping Spring Data JPA repositories in DEFAULT mode.
2025-11-05 11:21:13.410 [main] INFO  o.s.d.r.c.RepositoryConfigurationDelegate - Finished Spring Data repository scanning in 155 ms. Found 3 JPA repository interfaces.
2025-11-05 11:21:13.426 [main] INFO  o.s.d.r.c.RepositoryConfigurationDelegate - Multiple Spring Data modules found, entering strict repository configuration mode
2025-11-05 11:21:13.426 [main] INFO  o.s.d.r.c.RepositoryConfigurationDelegate - Bootstrapping Spring Data Redis repositories in DEFAULT mode.
2025-11-05 11:21:13.449 [main] INFO  o.s.d.r.c.RepositoryConfigurationExtensionSupport - Spring Data Redis - Could not safely identify store assignment for repository candidate interface spring.authservice.adapter.out.persistence.RefreshTokenSessionRepository; If you want this repository to be a Redis repository, consider annotating your entities with one of these annotations: org.springframework.data.redis.core.RedisHash (preferred), or consider extending one of the following types with your repository: org.springframework.data.keyvalue.repository.KeyValueRepository
2025-11-05 11:21:13.449 [main] INFO  o.s.d.r.c.RepositoryConfigurationExtensionSupport - Spring Data Redis - Could not safely identify store assignment for repository candidate interface spring.authservice.adapter.out.persistence.SecurityAuditLogRepository; If you want this repository to be a Redis repository, consider annotating your entities with one of these annotations: org.springframework.data.redis.core.RedisHash (preferred), or consider extending one of the following types with your repository: org.springframework.data.keyvalue.repository.KeyValueRepository
2025-11-05 11:21:13.449 [main] INFO  o.s.d.r.c.RepositoryConfigurationExtensionSupport - Spring Data Redis - Could not safely identify store assignment for repository candidate interface spring.authservice.adapter.out.persistence.UserRepository; If you want this repository to be a Redis repository, consider annotating your entities with one of these annotations: org.springframework.data.redis.core.RedisHash (preferred), or consider extending one of the following types with your repository: org.springframework.data.keyvalue.repository.KeyValueRepository
2025-11-05 11:21:13.449 [main] INFO  o.s.d.r.c.RepositoryConfigurationDelegate - Finished Spring Data repository scanning in 15 ms. Found 0 Redis repository interfaces.
2025-11-05 11:21:14.003 [main] INFO  o.s.b.w.e.tomcat.TomcatWebServer - Tomcat initialized with port 9001 (http)
2025-11-05 11:21:14.014 [main] INFO  o.a.coyote.http11.Http11NioProtocol - Initializing ProtocolHandler ["http-nio-9001"]
2025-11-05 11:21:14.015 [main] INFO  o.a.catalina.core.StandardService - Starting service [Tomcat]
2025-11-05 11:21:14.015 [main] INFO  o.a.catalina.core.StandardEngine - Starting Servlet engine: [Apache Tomcat/10.1.46]
2025-11-05 11:21:14.055 [main] INFO  o.a.c.c.C.[Tomcat].[localhost].[/] - Initializing Spring embedded WebApplicationContext
2025-11-05 11:21:14.055 [main] INFO  o.s.b.w.s.c.ServletWebServerApplicationContext - Root WebApplicationContext: initialization completed in 1529 ms
2025-11-05 11:21:14.566 [main] INFO  o.s.o.j.p.SpringPersistenceUnitInfo - No LoadTimeWeaver setup: ignoring JPA class transformer
2025-11-05 11:21:14.589 [main] INFO  com.zaxxer.hikari.HikariDataSource - HikariPool-1 - Starting...
2025-11-05 11:21:14.709 [main] INFO  com.zaxxer.hikari.pool.HikariPool - HikariPool-1 - Added connection org.postgresql.jdbc.PgConnection@533d7c61
2025-11-05 11:21:14.710 [main] INFO  com.zaxxer.hikari.HikariDataSource - HikariPool-1 - Start completed.
2025-11-05 11:21:14.737 [main] WARN  org.hibernate.orm.deprecation - HHH90000025: PostgreSQLDialect does not need to be specified explicitly using 'hibernate.dialect' (remove the property setting and it will be selected by default)
2025-11-05 11:21:15.594 [main] INFO  o.s.o.j.LocalContainerEntityManagerFactoryBean - Initialized JPA EntityManagerFactory for persistence unit 'default'
2025-11-05 11:21:16.247 [main] INFO  o.s.d.j.r.query.QueryEnhancerFactory - Hibernate is in classpath; If applicable, HQL parser will be used.
2025-11-05 11:21:17.235 [main] WARN  o.s.b.a.o.j.JpaBaseConfiguration$JpaWebConfiguration - spring.jpa.open-in-view is enabled by default. Therefore, database queries may be performed during view rendering. Explicitly configure spring.jpa.open-in-view to disable this warning
2025-11-05 11:21:17.545 [main] INFO  o.s.v.b.OptionalValidatorFactoryBean - Failed to set up a Bean Validation provider: jakarta.validation.NoProviderFoundException: Unable to create a Configuration, because no Jakarta Bean Validation provider could be found. Add a provider like Hibernate Validator (RI) to your classpath.
2025-11-05 11:21:17.665 [main] INFO  n.d.b.g.s.a.GrpcServerFactoryAutoConfiguration - Detected grpc-netty-shaded: Creating ShadedNettyGrpcServerFactory
2025-11-05 11:21:17.986 [main] INFO  o.a.coyote.http11.Http11NioProtocol - Starting ProtocolHandler ["http-nio-9001"]
2025-11-05 11:21:17.996 [main] INFO  o.s.b.w.e.tomcat.TomcatWebServer - Tomcat started on port 9001 (http) with context path '/'
2025-11-05 11:21:18.075 [main] INFO  n.d.b.g.s.s.AbstractGrpcServerFactory - Registered gRPC service: spring.authservice.grpc.TokenService, bean: tokenServiceGrpcImpl, class: spring.authservice.adapter.in.grpc.TokenServiceGrpcImpl
2025-11-05 11:21:18.075 [main] INFO  n.d.b.g.s.s.AbstractGrpcServerFactory - Registered gRPC service: spring.authservice.grpc.UserInfoService, bean: userInfoGrpcServiceImpl, class: spring.authservice.adapter.in.grpc.UserInfoGrpcServiceImpl
2025-11-05 11:21:18.076 [main] INFO  n.d.b.g.s.s.AbstractGrpcServerFactory - Registered gRPC service: grpc.health.v1.Health, bean: grpcHealthService, class: io.grpc.protobuf.services.HealthServiceImpl
2025-11-05 11:21:18.076 [main] INFO  n.d.b.g.s.s.AbstractGrpcServerFactory - Registered gRPC service: grpc.reflection.v1alpha.ServerReflection, bean: protoReflectionService, class: io.grpc.protobuf.services.ProtoReflectionService
2025-11-05 11:21:18.174 [main] INFO  n.d.b.g.s.s.GrpcServerLifecycle - gRPC Server started, listening on address: *, port: 9090
2025-11-05 11:21:18.184 [main] INFO  s.authservice.AuthServiceApplication - Started AuthServiceApplication in 6.284 seconds (process running for 6.988)
2025-11-05 11:21:32.283 [http-nio-9001-exec-1] INFO  o.a.c.c.C.[Tomcat].[localhost].[/] - Initializing Spring DispatcherServlet 'dispatcherServlet'
2025-11-05 11:21:32.283 [http-nio-9001-exec-1] INFO  o.s.web.servlet.DispatcherServlet - Initializing Servlet 'dispatcherServlet'
2025-11-05 11:21:32.284 [http-nio-9001-exec-1] INFO  o.s.web.servlet.DispatcherServlet - Completed initialization in 1 ms
2025-11-05 11:21:32.812 [http-nio-9001-exec-1] INFO  s.a.application.service.EmailService - 양방향 참조 Redis 저장 완료 - email: yjincode@gmail.com, token: e446239a7cb54001b3b4182309b895d6, code: 205402
2025-11-05 11:21:37.058 [http-nio-9001-exec-1] INFO  s.a.application.service.EmailService - 이메일 인증 발송 성공: yjincode@gmail.com
2025-11-05 11:21:37.112 [http-nio-9001-exec-2] INFO  s.a.a.i.w.EmailVerificationSseController - SSE 인증 대기 요청: yjincode@gmail.com
2025-11-05 11:21:37.113 [http-nio-9001-exec-2] INFO  s.a.a.s.EmailVerificationSseService - SSE 연결 생성: yjincode@gmail.com
2025-11-05 11:21:48.404 [http-nio-9001-exec-3] INFO  s.a.application.service.EmailService - 토큰 기반 이메일 인증 성공: yjincode@gmail.com (token: e446239a7cb54001b3b4182309b895d6)
2025-11-05 11:21:48.412 [redisMessageListenerContainer-1] INFO  s.a.a.s.EmailVerificationSseService - 이메일 인증 완료 알림 수신: yjincode@gmail.com
2025-11-05 11:21:48.421 [redisMessageListenerContainer-1] INFO  s.a.a.s.EmailVerificationSseService - SSE 인증 완료 전송 성공: yjincode@gmail.com
2025-11-05 11:21:48.432 [http-nio-9001-exec-4] INFO  s.a.a.s.EmailVerificationSseService - SSE 연결 정상 종료: yjincode@gmail.com
2025-11-05 11:22:21.434 [http-nio-9001-exec-5] WARN  o.h.e.jdbc.spi.SqlExceptionHelper - SQL Error: 0, SQLState: 23502
2025-11-05 11:22:21.434 [http-nio-9001-exec-5] ERROR o.h.e.jdbc.spi.SqlExceptionHelper - ERROR: null value in column "max_workspaces" of relation "users" violates not-null constraint
  Detail: Failing row contains (1, f, EMAIL, 2025-11-05 11:22:21.395734, yjincode@gmail.com, null, 정영진, $2a$10$U0jWOJYl1kg5YnwAdT0ZXO8Wk5TnLUQq0.5x6fi8cP.9T7.zQm55., null, null, 2025-11-05 11:22:21.395771, null, null).
2025-11-05 11:22:21.444 [http-nio-9001-exec-5] ERROR o.a.c.c.C.[.[.[.[dispatcherServlet] - Servlet.service() for servlet [dispatcherServlet] in context with path [] threw exception [Request processing failed: org.springframework.dao.DataIntegrityViolationException: could not execute statement [ERROR: null value in column "max_workspaces" of relation "users" violates not-null constraint
  Detail: Failing row contains (1, f, EMAIL, 2025-11-05 11:22:21.395734, yjincode@gmail.com, null, 정영진, $2a$10$U0jWOJYl1kg5YnwAdT0ZXO8Wk5TnLUQq0.5x6fi8cP.9T7.zQm55., null, null, 2025-11-05 11:22:21.395771, null, null).] [insert into users (account_verified,auth_provider,created_at,email,nickname,password,profile_image_url,social_id,updated_at,username) values (?,?,?,?,?,?,?,?,?,?)]; SQL [insert into users (account_verified,auth_provider,created_at,email,nickname,password,profile_image_url,social_id,updated_at,username) values (?,?,?,?,?,?,?,?,?,?)]; constraint [max_workspaces" of relation "users]] with root cause
org.postgresql.util.PSQLException: ERROR: null value in column "max_workspaces" of relation "users" violates not-null constraint
  Detail: Failing row contains (1, f, EMAIL, 2025-11-05 11:22:21.395734, yjincode@gmail.com, null, 정영진, $2a$10$U0jWOJYl1kg5YnwAdT0ZXO8Wk5TnLUQq0.5x6fi8cP.9T7.zQm55., null, null, 2025-11-05 11:22:21.395771, null, null).
	at org.postgresql.core.v3.QueryExecutorImpl.receiveErrorResponse(QueryExecutorImpl.java:2734)
	at org.postgresql.core.v3.QueryExecutorImpl.processResults(QueryExecutorImpl.java:2421)
	at org.postgresql.core.v3.QueryExecutorImpl.execute(QueryExecutorImpl.java:372)
	at org.postgresql.jdbc.PgStatement.executeInternal(PgStatement.java:518)
	at org.postgresql.jdbc.PgStatement.execute(PgStatement.java:435)
	at org.postgresql.jdbc.PgPreparedStatement.executeWithFlags(PgPreparedStatement.java:196)
	at org.postgresql.jdbc.PgPreparedStatement.executeUpdate(PgPreparedStatement.java:157)
	at com.zaxxer.hikari.pool.ProxyPreparedStatement.executeUpdate(ProxyPreparedStatement.java:61)
	at com.zaxxer.hikari.pool.HikariProxyPreparedStatement.executeUpdate(HikariProxyPreparedStatement.java)
	at org.hibernate.engine.jdbc.internal.ResultSetReturnImpl.executeUpdate(ResultSetReturnImpl.java:194)
	at org.hibernate.id.insert.GetGeneratedKeysDelegate.performMutation(GetGeneratedKeysDelegate.java:116)
	at org.hibernate.engine.jdbc.mutation.internal.MutationExecutorSingleNonBatched.performNonBatchedOperations(MutationExecutorSingleNonBatched.java:47)
	at org.hibernate.engine.jdbc.mutation.internal.AbstractMutationExecutor.execute(AbstractMutationExecutor.java:55)
	at org.hibernate.persister.entity.mutation.InsertCoordinatorStandard.doStaticInserts(InsertCoordinatorStandard.java:194)
	at org.hibernate.persister.entity.mutation.InsertCoordinatorStandard.coordinateInsert(InsertCoordinatorStandard.java:132)
	at org.hibernate.persister.entity.mutation.InsertCoordinatorStandard.insert(InsertCoordinatorStandard.java:95)
	at org.hibernate.action.internal.EntityIdentityInsertAction.execute(EntityIdentityInsertAction.java:85)
	at org.hibernate.engine.spi.ActionQueue.execute(ActionQueue.java:682)
	at org.hibernate.engine.spi.ActionQueue.addResolvedEntityInsertAction(ActionQueue.java:293)
	at org.hibernate.engine.spi.ActionQueue.addInsertAction(ActionQueue.java:274)
	at org.hibernate.engine.spi.ActionQueue.addAction(ActionQueue.java:324)
	at org.hibernate.event.internal.AbstractSaveEventListener.addInsertAction(AbstractSaveEventListener.java:394)
	at org.hibernate.event.internal.AbstractSaveEventListener.performSaveOrReplicate(AbstractSaveEventListener.java:308)
	at org.hibernate.event.internal.AbstractSaveEventListener.performSave(AbstractSaveEventListener.java:224)
	at org.hibernate.event.internal.AbstractSaveEventListener.saveWithGeneratedId(AbstractSaveEventListener.java:136)
	at org.hibernate.event.internal.DefaultPersistEventListener.entityIsTransient(DefaultPersistEventListener.java:177)
	at org.hibernate.event.internal.DefaultPersistEventListener.persist(DefaultPersistEventListener.java:95)
	at org.hibernate.event.internal.DefaultPersistEventListener.onPersist(DefaultPersistEventListener.java:79)
	at org.hibernate.event.internal.DefaultPersistEventListener.onPersist(DefaultPersistEventListener.java:55)
	at org.hibernate.event.service.internal.EventListenerGroupImpl.fireEventOnEachListener(EventListenerGroupImpl.java:127)
	at org.hibernate.internal.SessionImpl.firePersist(SessionImpl.java:761)
	at org.hibernate.internal.SessionImpl.persist(SessionImpl.java:745)
	at java.base/jdk.internal.reflect.DirectMethodHandleAccessor.invoke(DirectMethodHandleAccessor.java:103)
	at java.base/java.lang.reflect.Method.invoke(Method.java:580)
	at org.springframework.orm.jpa.ExtendedEntityManagerCreator$ExtendedEntityManagerInvocationHandler.invoke(ExtendedEntityManagerCreator.java:364)
	at jdk.proxy2/jdk.proxy2.$Proxy138.persist(Unknown Source)
	at java.base/jdk.internal.reflect.DirectMethodHandleAccessor.invoke(DirectMethodHandleAccessor.java:103)
	at java.base/java.lang.reflect.Method.invoke(Method.java:580)
	at org.springframework.orm.jpa.SharedEntityManagerCreator$SharedEntityManagerInvocationHandler.invoke(SharedEntityManagerCreator.java:320)
	at jdk.proxy2/jdk.proxy2.$Proxy138.persist(Unknown Source)
	at org.springframework.data.jpa.repository.support.SimpleJpaRepository.save(SimpleJpaRepository.java:654)
	at java.base/jdk.internal.reflect.DirectMethodHandleAccessor.invoke(DirectMethodHandleAccessor.java:103)
	at java.base/java.lang.reflect.Method.invoke(Method.java:580)
	at org.springframework.aop.support.AopUtils.invokeJoinpointUsingReflection(AopUtils.java:360)
	at org.springframework.data.repository.core.support.RepositoryMethodInvoker$RepositoryFragmentMethodInvoker.lambda$new$0(RepositoryMethodInvoker.java:277)
	at org.springframework.data.repository.core.support.RepositoryMethodInvoker.doInvoke(RepositoryMethodInvoker.java:170)
	at org.springframework.data.repository.core.support.RepositoryMethodInvoker.invoke(RepositoryMethodInvoker.java:158)
	at org.springframework.data.repository.core.support.RepositoryComposition$RepositoryFragments.invoke(RepositoryComposition.java:515)
	at org.springframework.data.repository.core.support.RepositoryComposition.invoke(RepositoryComposition.java:284)
	at org.springframework.data.repository.core.support.RepositoryFactorySupport$ImplementationMethodExecutionInterceptor.invoke(RepositoryFactorySupport.java:734)
	at org.springframework.aop.framework.ReflectiveMethodInvocation.proceed(ReflectiveMethodInvocation.java:184)
	at org.springframework.data.repository.core.support.QueryExecutorMethodInterceptor.doInvoke(QueryExecutorMethodInterceptor.java:174)
	at org.springframework.data.repository.core.support.QueryExecutorMethodInterceptor.invoke(QueryExecutorMethodInterceptor.java:149)
	at org.springframework.aop.framework.ReflectiveMethodInvocation.proceed(ReflectiveMethodInvocation.java:184)
	at org.springframework.data.projection.DefaultMethodInvokingMethodInterceptor.invoke(DefaultMethodInvokingMethodInterceptor.java:69)
	at org.springframework.aop.framework.ReflectiveMethodInvocation.proceed(ReflectiveMethodInvocation.java:184)
	at org.springframework.transaction.interceptor.TransactionAspectSupport.invokeWithinTransaction(TransactionAspectSupport.java:380)
	at org.springframework.transaction.interceptor.TransactionInterceptor.invoke(TransactionInterceptor.java:119)
	at org.springframework.aop.framework.ReflectiveMethodInvocation.proceed(ReflectiveMethodInvocation.java:184)
	at org.springframework.dao.support.PersistenceExceptionTranslationInterceptor.invoke(PersistenceExceptionTranslationInterceptor.java:138)
	at org.springframework.aop.framework.ReflectiveMethodInvocation.proceed(ReflectiveMethodInvocation.java:184)
	at org.springframework.data.jpa.repository.support.CrudMethodMetadataPostProcessor$CrudMethodMetadataPopulatingMethodInterceptor.invoke(CrudMethodMetadataPostProcessor.java:165)
	at org.springframework.aop.framework.ReflectiveMethodInvocation.proceed(ReflectiveMethodInvocation.java:184)
	at org.springframework.aop.framework.JdkDynamicAopProxy.invoke(JdkDynamicAopProxy.java:223)
	at jdk.proxy2/jdk.proxy2.$Proxy141.save(Unknown Source)
	at spring.authservice.adapter.out.persistence.UserPersistenceAdapter.save(UserPersistenceAdapter.java:23)
	at spring.authservice.application.service.UserService.registerUser(UserService.java:84)
	at java.base/jdk.internal.reflect.DirectMethodHandleAccessor.invoke(DirectMethodHandleAccessor.java:103)
	at java.base/java.lang.reflect.Method.invoke(Method.java:580)
	at org.springframework.aop.support.AopUtils.invokeJoinpointUsingReflection(AopUtils.java:360)
	at org.springframework.aop.framework.ReflectiveMethodInvocation.invokeJoinpoint(ReflectiveMethodInvocation.java:196)
	at org.springframework.aop.framework.ReflectiveMethodInvocation.proceed(ReflectiveMethodInvocation.java:163)
	at org.springframework.transaction.interceptor.TransactionAspectSupport.invokeWithinTransaction(TransactionAspectSupport.java:380)
	at org.springframework.transaction.interceptor.TransactionInterceptor.invoke(TransactionInterceptor.java:119)
	at org.springframework.aop.framework.ReflectiveMethodInvocation.proceed(ReflectiveMethodInvocation.java:184)
	at org.springframework.aop.framework.CglibAopProxy$DynamicAdvisedInterceptor.intercept(CglibAopProxy.java:728)
	at spring.authservice.application.service.UserService$$SpringCGLIB$$0.registerUser(<generated>)
	at spring.authservice.adapter.in.web.UserController.register(UserController.java:35)
	at java.base/jdk.internal.reflect.DirectMethodHandleAccessor.invoke(DirectMethodHandleAccessor.java:103)
	at java.base/java.lang.reflect.Method.invoke(Method.java:580)
	at org.springframework.web.method.support.InvocableHandlerMethod.doInvoke(InvocableHandlerMethod.java:258)
	at org.springframework.web.method.support.InvocableHandlerMethod.invokeForRequest(InvocableHandlerMethod.java:191)
	at org.springframework.web.servlet.mvc.method.annotation.ServletInvocableHandlerMethod.invokeAndHandle(ServletInvocableHandlerMethod.java:118)
	at org.springframework.web.servlet.mvc.method.annotation.RequestMappingHandlerAdapter.invokeHandlerMethod(RequestMappingHandlerAdapter.java:991)
	at org.springframework.web.servlet.mvc.method.annotation.RequestMappingHandlerAdapter.handleInternal(RequestMappingHandlerAdapter.java:896)
	at org.springframework.web.servlet.mvc.method.AbstractHandlerMethodAdapter.handle(AbstractHandlerMethodAdapter.java:87)
	at org.springframework.web.servlet.DispatcherServlet.doDispatch(DispatcherServlet.java:1089)
	at org.springframework.web.servlet.DispatcherServlet.doService(DispatcherServlet.java:979)
	at org.springframework.web.servlet.FrameworkServlet.processRequest(FrameworkServlet.java:1014)
	at org.springframework.web.servlet.FrameworkServlet.doPost(FrameworkServlet.java:914)
	at jakarta.servlet.http.HttpServlet.service(HttpServlet.java:590)
	at org.springframework.web.servlet.FrameworkServlet.service(FrameworkServlet.java:885)
	at jakarta.servlet.http.HttpServlet.service(HttpServlet.java:658)
	at org.apache.catalina.core.ApplicationFilterChain.internalDoFilter(ApplicationFilterChain.java:195)
	at org.apache.catalina.core.ApplicationFilterChain.doFilter(ApplicationFilterChain.java:140)
	at org.apache.tomcat.websocket.server.WsFilter.doFilter(WsFilter.java:51)
	at org.apache.catalina.core.ApplicationFilterChain.internalDoFilter(ApplicationFilterChain.java:164)
	at org.apache.catalina.core.ApplicationFilterChain.doFilter(ApplicationFilterChain.java:140)
	at org.springframework.web.filter.CompositeFilter$VirtualFilterChain.doFilter(CompositeFilter.java:108)
	at org.springframework.web.filter.CompositeFilter$VirtualFilterChain.doFilter(CompositeFilter.java:108)
	at org.springframework.security.web.FilterChainProxy.lambda$doFilterInternal$3(FilterChainProxy.java:231)
	at org.springframework.security.web.FilterChainProxy$VirtualFilterChain.doFilter(FilterChainProxy.java:365)
	at org.springframework.security.web.access.intercept.AuthorizationFilter.doFilter(AuthorizationFilter.java:101)
	at org.springframework.security.web.FilterChainProxy$VirtualFilterChain.doFilter(FilterChainProxy.java:374)
	at org.springframework.security.web.access.ExceptionTranslationFilter.doFilter(ExceptionTranslationFilter.java:125)
	at org.springframework.security.web.access.ExceptionTranslationFilter.doFilter(ExceptionTranslationFilter.java:119)
	at org.springframework.security.web.FilterChainProxy$VirtualFilterChain.doFilter(FilterChainProxy.java:374)
	at org.springframework.security.web.session.SessionManagementFilter.doFilter(SessionManagementFilter.java:131)
	at org.springframework.security.web.session.SessionManagementFilter.doFilter(SessionManagementFilter.java:85)
	at org.springframework.security.web.FilterChainProxy$VirtualFilterChain.doFilter(FilterChainProxy.java:374)
	at org.springframework.security.web.authentication.AnonymousAuthenticationFilter.doFilter(AnonymousAuthenticationFilter.java:100)
	at org.springframework.security.web.FilterChainProxy$VirtualFilterChain.doFilter(FilterChainProxy.java:374)
	at org.springframework.security.web.servletapi.SecurityContextHolderAwareRequestFilter.doFilter(SecurityContextHolderAwareRequestFilter.java:179)
	at org.springframework.security.web.FilterChainProxy$VirtualFilterChain.doFilter(FilterChainProxy.java:374)
	at org.springframework.security.web.savedrequest.RequestCacheAwareFilter.doFilter(RequestCacheAwareFilter.java:63)
	at org.springframework.security.web.FilterChainProxy$VirtualFilterChain.doFilter(FilterChainProxy.java:374)
	at org.springframework.security.web.authentication.logout.LogoutFilter.doFilter(LogoutFilter.java:107)
	at org.springframework.security.web.authentication.logout.LogoutFilter.doFilter(LogoutFilter.java:93)
	at org.springframework.security.web.FilterChainProxy$VirtualFilterChain.doFilter(FilterChainProxy.java:374)
	at org.springframework.web.filter.CorsFilter.doFilterInternal(CorsFilter.java:91)
	at org.springframework.web.filter.OncePerRequestFilter.doFilter(OncePerRequestFilter.java:116)
	at org.springframework.security.web.FilterChainProxy$VirtualFilterChain.doFilter(FilterChainProxy.java:374)
	at org.springframework.security.web.header.HeaderWriterFilter.doHeadersAfter(HeaderWriterFilter.java:90)
	at org.springframework.security.web.header.HeaderWriterFilter.doFilterInternal(HeaderWriterFilter.java:75)
	at org.springframework.web.filter.OncePerRequestFilter.doFilter(OncePerRequestFilter.java:116)
	at org.springframework.security.web.FilterChainProxy$VirtualFilterChain.doFilter(FilterChainProxy.java:374)
	at org.springframework.security.web.context.SecurityContextHolderFilter.doFilter(SecurityContextHolderFilter.java:82)
	at org.springframework.security.web.context.SecurityContextHolderFilter.doFilter(SecurityContextHolderFilter.java:69)
	at org.springframework.security.web.FilterChainProxy$VirtualFilterChain.doFilter(FilterChainProxy.java:374)
	at org.springframework.security.web.context.request.async.WebAsyncManagerIntegrationFilter.doFilterInternal(WebAsyncManagerIntegrationFilter.java:62)
	at org.springframework.web.filter.OncePerRequestFilter.doFilter(OncePerRequestFilter.java:116)
	at org.springframework.security.web.FilterChainProxy$VirtualFilterChain.doFilter(FilterChainProxy.java:374)
	at org.springframework.security.web.session.DisableEncodeUrlFilter.doFilterInternal(DisableEncodeUrlFilter.java:42)
	at org.springframework.web.filter.OncePerRequestFilter.doFilter(OncePerRequestFilter.java:116)
	at org.springframework.security.web.FilterChainProxy$VirtualFilterChain.doFilter(FilterChainProxy.java:374)
	at org.springframework.security.web.FilterChainProxy.doFilterInternal(FilterChainProxy.java:233)
	at org.springframework.security.web.FilterChainProxy.doFilter(FilterChainProxy.java:191)
	at org.springframework.web.filter.CompositeFilter$VirtualFilterChain.doFilter(CompositeFilter.java:113)
	at org.springframework.web.filter.ServletRequestPathFilter.doFilter(ServletRequestPathFilter.java:52)
	at org.springframework.web.filter.CompositeFilter$VirtualFilterChain.doFilter(CompositeFilter.java:113)
	at org.springframework.web.filter.CompositeFilter.doFilter(CompositeFilter.java:74)
	at org.springframework.security.config.annotation.web.configuration.WebSecurityConfiguration$CompositeFilterChainProxy.doFilter(WebSecurityConfiguration.java:319)
	at org.springframework.web.filter.CompositeFilter$VirtualFilterChain.doFilter(CompositeFilter.java:113)
	at org.springframework.web.servlet.handler.HandlerMappingIntrospector.lambda$createCacheFilter$4(HandlerMappingIntrospector.java:267)
	at org.springframework.web.filter.CompositeFilter$VirtualFilterChain.doFilter(CompositeFilter.java:113)
	at org.springframework.web.filter.CompositeFilter.doFilter(CompositeFilter.java:74)
	at org.springframework.security.config.annotation.web.configuration.WebMvcSecurityConfiguration$CompositeFilterChainProxy.doFilter(WebMvcSecurityConfiguration.java:240)
	at org.springframework.web.filter.DelegatingFilterProxy.invokeDelegate(DelegatingFilterProxy.java:362)
	at org.springframework.web.filter.DelegatingFilterProxy.doFilter(DelegatingFilterProxy.java:278)
	at org.apache.catalina.core.ApplicationFilterChain.internalDoFilter(ApplicationFilterChain.java:164)
	at org.apache.catalina.core.ApplicationFilterChain.doFilter(ApplicationFilterChain.java:140)
	at org.springframework.web.filter.RequestContextFilter.doFilterInternal(RequestContextFilter.java:100)
	at org.springframework.web.filter.OncePerRequestFilter.doFilter(OncePerRequestFilter.java:116)
	at org.apache.catalina.core.ApplicationFilterChain.internalDoFilter(ApplicationFilterChain.java:164)
	at org.apache.catalina.core.ApplicationFilterChain.doFilter(ApplicationFilterChain.java:140)
	at org.springframework.web.filter.FormContentFilter.doFilterInternal(FormContentFilter.java:93)
	at org.springframework.web.filter.OncePerRequestFilter.doFilter(OncePerRequestFilter.java:116)
	at org.apache.catalina.core.ApplicationFilterChain.internalDoFilter(ApplicationFilterChain.java:164)
	at org.apache.catalina.core.ApplicationFilterChain.doFilter(ApplicationFilterChain.java:140)
	at org.springframework.web.filter.CharacterEncodingFilter.doFilterInternal(CharacterEncodingFilter.java:201)
	at org.springframework.web.filter.OncePerRequestFilter.doFilter(OncePerRequestFilter.java:116)
	at org.apache.catalina.core.ApplicationFilterChain.internalDoFilter(ApplicationFilterChain.java:164)
	at org.apache.catalina.core.ApplicationFilterChain.doFilter(ApplicationFilterChain.java:140)
	at org.apache.catalina.core.StandardWrapperValve.invoke(StandardWrapperValve.java:167)
	at org.apache.catalina.core.StandardContextValve.invoke(StandardContextValve.java:90)
	at org.apache.catalina.authenticator.AuthenticatorBase.invoke(AuthenticatorBase.java:483)
	at org.apache.catalina.core.StandardHostValve.invoke(StandardHostValve.java:116)
	at org.apache.catalina.valves.ErrorReportValve.invoke(ErrorReportValve.java:93)
	at org.apache.catalina.core.StandardEngineValve.invoke(StandardEngineValve.java:74)
	at org.apache.catalina.connector.CoyoteAdapter.service(CoyoteAdapter.java:344)
	at org.apache.coyote.http11.Http11Processor.service(Http11Processor.java:398)
	at org.apache.coyote.AbstractProcessorLight.process(AbstractProcessorLight.java:63)
	at org.apache.coyote.AbstractProtocol$ConnectionHandler.process(AbstractProtocol.java:903)
	at org.apache.tomcat.util.net.NioEndpoint$SocketProcessor.doRun(NioEndpoint.java:1776)
	at org.apache.tomcat.util.net.SocketProcessorBase.run(SocketProcessorBase.java:52)
	at org.apache.tomcat.util.threads.ThreadPoolExecutor.runWorker(ThreadPoolExecutor.java:975)
	at org.apache.tomcat.util.threads.ThreadPoolExecutor$Worker.run(ThreadPoolExecutor.java:493)
	at org.apache.tomcat.util.threads.TaskThread$WrappingRunnable.run(TaskThread.java:63)
	at java.base/java.lang.Thread.run(Thread.java:1583)
2025-11-05 11:25:53.406 [lettuce-eventExecutorLoop-1-1] INFO  i.l.core.protocol.ConnectionWatchdog - Reconnecting, last destination was localhost/127.0.0.1:6379
2025-11-05 11:25:53.416 [lettuce-nioEventLoop-4-3] WARN  i.l.core.protocol.ConnectionWatchdog - Cannot reconnect to [localhost/<unresolved>:6379]: Connection reset
java.net.SocketException: Connection reset
	at java.base/sun.nio.ch.SocketChannelImpl.throwConnectionReset(SocketChannelImpl.java:401)
	at java.base/sun.nio.ch.SocketChannelImpl.read(SocketChannelImpl.java:434)
	at io.netty.buffer.PooledByteBuf.setBytes(PooledByteBuf.java:255)
	at io.netty.buffer.AbstractByteBuf.writeBytes(AbstractByteBuf.java:1132)
	at io.netty.channel.socket.nio.NioSocketChannel.doReadBytes(NioSocketChannel.java:356)
	at io.netty.channel.nio.AbstractNioByteChannel$NioByteUnsafe.read(AbstractNioByteChannel.java:151)
	at io.netty.channel.nio.NioEventLoop.processSelectedKey(NioEventLoop.java:796)
	at io.netty.channel.nio.NioEventLoop.processSelectedKeysOptimized(NioEventLoop.java:732)
	at io.netty.channel.nio.NioEventLoop.processSelectedKeys(NioEventLoop.java:658)
	at io.netty.channel.nio.NioEventLoop.run(NioEventLoop.java:562)
	at io.netty.util.concurrent.SingleThreadEventExecutor$4.run(SingleThreadEventExecutor.java:998)
	at io.netty.util.internal.ThreadExecutorMap$2.run(ThreadExecutorMap.java:74)
	at io.netty.util.concurrent.FastThreadLocalRunnable.run(FastThreadLocalRunnable.java:30)
	at java.base/java.lang.Thread.run(Thread.java:1583)
2025-11-05 11:26:02.498 [lettuce-eventExecutorLoop-1-1] INFO  i.l.core.protocol.ConnectionWatchdog - Reconnecting, last destination was localhost/<unresolved>:6379
2025-11-05 11:26:02.498 [lettuce-nioEventLoop-4-3] WARN  i.l.core.protocol.ConnectionWatchdog - Cannot reconnect to [localhost/<unresolved>:6379]: Connection refused: localhost/127.0.0.1:6379
2025-11-05 11:26:05.915 [HikariPool-1:housekeeper] WARN  com.zaxxer.hikari.pool.PoolBase - HikariPool-1 - Failed to validate connection org.postgresql.jdbc.PgConnection@133dce19 (This connection has been closed.). Possibly consider using a shorter maxLifetime value.
2025-11-05 11:26:06.208 [HikariPool-1:housekeeper] WARN  com.zaxxer.hikari.pool.PoolBase - HikariPool-1 - Failed to validate connection org.postgresql.jdbc.PgConnection@533d7c61 (This connection has been closed.). Possibly consider using a shorter maxLifetime value.
2025-11-05 11:26:10.702 [lettuce-eventExecutorLoop-1-3] INFO  i.l.core.protocol.ConnectionWatchdog - Reconnecting, last destination was localhost/<unresolved>:6379
2025-11-05 11:26:10.703 [lettuce-nioEventLoop-4-4] WARN  i.l.core.protocol.ConnectionWatchdog - Cannot reconnect to [localhost/<unresolved>:6379]: Connection refused: localhost/127.0.0.1:6379
2025-11-05 11:26:16.427 [HikariPool-1:housekeeper] WARN  com.zaxxer.hikari.pool.PoolBase - HikariPool-1 - Failed to validate connection org.postgresql.jdbc.PgConnection@1ea8b927 (This connection has been closed.). Possibly consider using a shorter maxLifetime value.
2025-11-05 11:26:27.098 [lettuce-eventExecutorLoop-1-5] INFO  i.l.core.protocol.ConnectionWatchdog - Reconnecting, last destination was localhost/<unresolved>:6379
2025-11-05 11:26:27.100 [lettuce-nioEventLoop-4-5] WARN  i.l.core.protocol.ConnectionWatchdog - Cannot reconnect to [localhost/<unresolved>:6379]: Connection refused: localhost/127.0.0.1:6379
2025-11-05 11:26:41.307 [HikariPool-1:housekeeper] WARN  com.zaxxer.hikari.pool.PoolBase - HikariPool-1 - Failed to validate connection org.postgresql.jdbc.PgConnection@665ad250 (This connection has been closed.). Possibly consider using a shorter maxLifetime value.
2025-11-05 11:26:41.491 [HikariPool-1:housekeeper] WARN  com.zaxxer.hikari.pool.PoolBase - HikariPool-1 - Failed to validate connection org.postgresql.jdbc.PgConnection@6915cd8e (This connection has been closed.). Possibly consider using a shorter maxLifetime value.
2025-11-05 11:26:46.515 [HikariPool-1:housekeeper] WARN  com.zaxxer.hikari.pool.PoolBase - HikariPool-1 - Failed to validate connection org.postgresql.jdbc.PgConnection@4da6ded8 (This connection has been closed.). Possibly consider using a shorter maxLifetime value.
2025-11-05 11:26:46.676 [HikariPool-1:housekeeper] WARN  com.zaxxer.hikari.pool.PoolBase - HikariPool-1 - Failed to validate connection org.postgresql.jdbc.PgConnection@3661e5fb (This connection has been closed.). Possibly consider using a shorter maxLifetime value.
2025-11-05 11:26:48.281 [HikariPool-1:housekeeper] WARN  com.zaxxer.hikari.pool.PoolBase - HikariPool-1 - Failed to validate connection org.postgresql.jdbc.PgConnection@715f2704 (This connection has been closed.). Possibly consider using a shorter maxLifetime value.
2025-11-05 11:26:55.570 [HikariPool-1:housekeeper] WARN  com.zaxxer.hikari.pool.PoolBase - HikariPool-1 - Failed to validate connection org.postgresql.jdbc.PgConnection@af467e9 (This connection has been closed.). Possibly consider using a shorter maxLifetime value.
2025-11-05 11:26:57.198 [lettuce-eventExecutorLoop-1-7] INFO  i.l.core.protocol.ConnectionWatchdog - Reconnecting, last destination was localhost/<unresolved>:6379
2025-11-05 11:26:57.199 [lettuce-nioEventLoop-4-6] WARN  i.l.core.protocol.ConnectionWatchdog - Cannot reconnect to [localhost/<unresolved>:6379]: Connection refused: localhost/127.0.0.1:6379
2025-11-05 11:27:13.529 [HikariPool-1:housekeeper] WARN  com.zaxxer.hikari.pool.PoolBase - HikariPool-1 - Failed to validate connection org.postgresql.jdbc.PgConnection@3c398d9b (This connection has been closed.). Possibly consider using a shorter maxLifetime value.
2025-11-05 11:27:16.107 [HikariPool-1:connection-adder] WARN  com.zaxxer.hikari.pool.PoolBase - HikariPool-1 - Pool is empty, failed to create/setup connection (ce6f1c0c-a6e2-4f72-86c7-a4fe373a7fea)
org.postgresql.util.PSQLException: Connection to localhost:5432 refused. Check that the hostname and port are correct and that the postmaster is accepting TCP/IP connections.
	at org.postgresql.core.v3.ConnectionFactoryImpl.openConnectionImpl(ConnectionFactoryImpl.java:373)
	at org.postgresql.core.ConnectionFactory.openConnection(ConnectionFactory.java:57)
	at org.postgresql.jdbc.PgConnection.<init>(PgConnection.java:277)
	at org.postgresql.Driver.makeConnection(Driver.java:448)
	at org.postgresql.Driver.connect(Driver.java:298)
	at com.zaxxer.hikari.util.DriverDataSource.getConnection(DriverDataSource.java:144)
	at com.zaxxer.hikari.pool.PoolBase.newConnection(PoolBase.java:370)
	at com.zaxxer.hikari.pool.PoolBase.newPoolEntry(PoolBase.java:207)
	at com.zaxxer.hikari.pool.HikariPool.createPoolEntry(HikariPool.java:488)
	at com.zaxxer.hikari.pool.HikariPool$PoolEntryCreator.call(HikariPool.java:752)
	at com.zaxxer.hikari.pool.HikariPool$PoolEntryCreator.call(HikariPool.java:731)
	at java.base/java.util.concurrent.FutureTask.run(FutureTask.java:317)
	at java.base/java.util.concurrent.ThreadPoolExecutor.runWorker(ThreadPoolExecutor.java:1144)
	at java.base/java.util.concurrent.ThreadPoolExecutor$Worker.run(ThreadPoolExecutor.java:642)
	at java.base/java.lang.Thread.run(Thread.java:1583)
Caused by: java.net.ConnectException: Connection refused
	at java.base/sun.nio.ch.Net.pollConnect(Native Method)
	at java.base/sun.nio.ch.Net.pollConnectNow(Net.java:682)
	at java.base/sun.nio.ch.NioSocketImpl.timedFinishConnect(NioSocketImpl.java:549)
	at java.base/sun.nio.ch.NioSocketImpl.connect(NioSocketImpl.java:592)
	at java.base/java.net.SocksSocketImpl.connect(SocksSocketImpl.java:327)
	at java.base/java.net.Socket.connect(Socket.java:751)
	at org.postgresql.core.PGStream.createSocket(PGStream.java:261)
	at org.postgresql.core.PGStream.<init>(PGStream.java:122)
	at org.postgresql.core.v3.ConnectionFactoryImpl.tryConnect(ConnectionFactoryImpl.java:146)
	at org.postgresql.core.v3.ConnectionFactoryImpl.openConnectionImpl(ConnectionFactoryImpl.java:289)
	... 14 common frames omitted
2025-11-05 11:27:27.303 [lettuce-eventExecutorLoop-1-9] INFO  i.l.core.protocol.ConnectionWatchdog - Reconnecting, last destination was localhost/<unresolved>:6379
2025-11-05 11:27:27.304 [lettuce-nioEventLoop-4-7] WARN  i.l.core.protocol.ConnectionWatchdog - Cannot reconnect to [localhost/<unresolved>:6379]: Connection refused: localhost/127.0.0.1:6379
2025-11-05 11:27:57.401 [lettuce-eventExecutorLoop-1-11] INFO  i.l.core.protocol.ConnectionWatchdog - Reconnecting, last destination was localhost/<unresolved>:6379
2025-11-05 11:27:57.402 [lettuce-nioEventLoop-4-8] WARN  i.l.core.protocol.ConnectionWatchdog - Cannot reconnect to [localhost/<unresolved>:6379]: Connection refused: localhost/127.0.0.1:6379
2025-11-05 11:28:22.895 [SpringApplicationShutdownHook] INFO  n.d.b.g.s.s.GrpcServerLifecycle - Completed gRPC server shutdown
2025-11-05 11:28:22.896 [SpringApplicationShutdownHook] INFO  o.s.b.w.e.tomcat.GracefulShutdown - Commencing graceful shutdown. Waiting for active requests to complete
2025-11-05 11:28:22.899 [tomcat-shutdown] INFO  o.s.b.w.e.tomcat.GracefulShutdown - Graceful shutdown complete
2025-11-05 11:28:22.919 [SpringApplicationShutdownHook] INFO  o.s.o.j.LocalContainerEntityManagerFactoryBean - Closing JPA EntityManagerFactory for persistence unit 'default'
2025-11-05 11:28:22.921 [SpringApplicationShutdownHook] INFO  com.zaxxer.hikari.HikariDataSource - HikariPool-1 - Shutdown initiated...
2025-11-05 11:28:22.923 [SpringApplicationShutdownHook] INFO  com.zaxxer.hikari.HikariDataSource - HikariPool-1 - Shutdown completed.
2025-11-05 11:28:26.937 [main] INFO  s.authservice.AuthServiceApplication - Starting AuthServiceApplication using Java 21.0.8 with PID 83983 (/Users/jeong-yeongjin/Desktop/exProject/project/backend/auth-service/build/classes/java/main started by jeong-yeongjin in /Users/jeong-yeongjin/Desktop/exProject/project/backend/auth-service)
2025-11-05 11:28:26.938 [main] INFO  s.authservice.AuthServiceApplication - The following 1 profile is active: "local"
2025-11-05 11:28:27.730 [main] INFO  o.s.d.r.c.RepositoryConfigurationDelegate - Multiple Spring Data modules found, entering strict repository configuration mode
2025-11-05 11:28:27.732 [main] INFO  o.s.d.r.c.RepositoryConfigurationDelegate - Bootstrapping Spring Data JPA repositories in DEFAULT mode.
2025-11-05 11:28:27.889 [main] INFO  o.s.d.r.c.RepositoryConfigurationDelegate - Finished Spring Data repository scanning in 149 ms. Found 3 JPA repository interfaces.
2025-11-05 11:28:27.904 [main] INFO  o.s.d.r.c.RepositoryConfigurationDelegate - Multiple Spring Data modules found, entering strict repository configuration mode
2025-11-05 11:28:27.905 [main] INFO  o.s.d.r.c.RepositoryConfigurationDelegate - Bootstrapping Spring Data Redis repositories in DEFAULT mode.
2025-11-05 11:28:27.928 [main] INFO  o.s.d.r.c.RepositoryConfigurationExtensionSupport - Spring Data Redis - Could not safely identify store assignment for repository candidate interface spring.authservice.adapter.out.persistence.RefreshTokenSessionRepository; If you want this repository to be a Redis repository, consider annotating your entities with one of these annotations: org.springframework.data.redis.core.RedisHash (preferred), or consider extending one of the following types with your repository: org.springframework.data.keyvalue.repository.KeyValueRepository
2025-11-05 11:28:27.929 [main] INFO  o.s.d.r.c.RepositoryConfigurationExtensionSupport - Spring Data Redis - Could not safely identify store assignment for repository candidate interface spring.authservice.adapter.out.persistence.SecurityAuditLogRepository; If you want this repository to be a Redis repository, consider annotating your entities with one of these annotations: org.springframework.data.redis.core.RedisHash (preferred), or consider extending one of the following types with your repository: org.springframework.data.keyvalue.repository.KeyValueRepository
2025-11-05 11:28:27.929 [main] INFO  o.s.d.r.c.RepositoryConfigurationExtensionSupport - Spring Data Redis - Could not safely identify store assignment for repository candidate interface spring.authservice.adapter.out.persistence.UserRepository; If you want this repository to be a Redis repository, consider annotating your entities with one of these annotations: org.springframework.data.redis.core.RedisHash (preferred), or consider extending one of the following types with your repository: org.springframework.data.keyvalue.repository.KeyValueRepository
2025-11-05 11:28:27.929 [main] INFO  o.s.d.r.c.RepositoryConfigurationDelegate - Finished Spring Data repository scanning in 16 ms. Found 0 Redis repository interfaces.
2025-11-05 11:28:28.499 [main] INFO  o.s.b.w.e.tomcat.TomcatWebServer - Tomcat initialized with port 9001 (http)
2025-11-05 11:28:28.510 [main] INFO  o.a.coyote.http11.Http11NioProtocol - Initializing ProtocolHandler ["http-nio-9001"]
2025-11-05 11:28:28.511 [main] INFO  o.a.catalina.core.StandardService - Starting service [Tomcat]
2025-11-05 11:28:28.511 [main] INFO  o.a.catalina.core.StandardEngine - Starting Servlet engine: [Apache Tomcat/10.1.46]
2025-11-05 11:28:28.551 [main] INFO  o.a.c.c.C.[Tomcat].[localhost].[/] - Initializing Spring embedded WebApplicationContext
2025-11-05 11:28:28.551 [main] INFO  o.s.b.w.s.c.ServletWebServerApplicationContext - Root WebApplicationContext: initialization completed in 1574 ms
2025-11-05 11:28:29.074 [main] INFO  o.s.o.j.p.SpringPersistenceUnitInfo - No LoadTimeWeaver setup: ignoring JPA class transformer
2025-11-05 11:28:29.096 [main] INFO  com.zaxxer.hikari.HikariDataSource - HikariPool-1 - Starting...
2025-11-05 11:28:29.215 [main] INFO  com.zaxxer.hikari.pool.HikariPool - HikariPool-1 - Added connection org.postgresql.jdbc.PgConnection@fe13916
2025-11-05 11:28:29.216 [main] INFO  com.zaxxer.hikari.HikariDataSource - HikariPool-1 - Start completed.
2025-11-05 11:28:29.241 [main] WARN  org.hibernate.orm.deprecation - HHH90000025: PostgreSQLDialect does not need to be specified explicitly using 'hibernate.dialect' (remove the property setting and it will be selected by default)
2025-11-05 11:28:30.053 [main] WARN  o.h.e.jdbc.spi.SqlExceptionHelper - SQL Warning Code: 0, SQLState: 00000
2025-11-05 11:28:30.053 [main] WARN  o.h.e.jdbc.spi.SqlExceptionHelper - constraint "uk6dotkott2kjsp8vw4d0m25fb7" of relation "users" does not exist, skipping
2025-11-05 11:28:30.057 [main] WARN  o.h.e.jdbc.spi.SqlExceptionHelper - SQL Warning Code: 0, SQLState: 00000
2025-11-05 11:28:30.057 [main] WARN  o.h.e.jdbc.spi.SqlExceptionHelper - constraint "ukg6t6xceecpep2b40vy35x1nve" of relation "users" does not exist, skipping
2025-11-05 11:28:30.061 [main] INFO  o.s.o.j.LocalContainerEntityManagerFactoryBean - Initialized JPA EntityManagerFactory for persistence unit 'default'
2025-11-05 11:28:30.664 [main] INFO  o.s.d.j.r.query.QueryEnhancerFactory - Hibernate is in classpath; If applicable, HQL parser will be used.
2025-11-05 11:28:31.615 [main] WARN  o.s.b.a.o.j.JpaBaseConfiguration$JpaWebConfiguration - spring.jpa.open-in-view is enabled by default. Therefore, database queries may be performed during view rendering. Explicitly configure spring.jpa.open-in-view to disable this warning
2025-11-05 11:28:31.880 [main] INFO  o.s.v.b.OptionalValidatorFactoryBean - Failed to set up a Bean Validation provider: jakarta.validation.NoProviderFoundException: Unable to create a Configuration, because no Jakarta Bean Validation provider could be found. Add a provider like Hibernate Validator (RI) to your classpath.
2025-11-05 11:28:32.002 [main] INFO  n.d.b.g.s.a.GrpcServerFactoryAutoConfiguration - Detected grpc-netty-shaded: Creating ShadedNettyGrpcServerFactory
2025-11-05 11:28:32.293 [main] INFO  o.a.coyote.http11.Http11NioProtocol - Starting ProtocolHandler ["http-nio-9001"]
2025-11-05 11:28:32.308 [main] INFO  o.s.b.w.e.tomcat.TomcatWebServer - Tomcat started on port 9001 (http) with context path '/'
2025-11-05 11:28:32.386 [main] INFO  n.d.b.g.s.s.AbstractGrpcServerFactory - Registered gRPC service: spring.authservice.grpc.TokenService, bean: tokenServiceGrpcImpl, class: spring.authservice.adapter.in.grpc.TokenServiceGrpcImpl
2025-11-05 11:28:32.386 [main] INFO  n.d.b.g.s.s.AbstractGrpcServerFactory - Registered gRPC service: spring.authservice.grpc.UserInfoService, bean: userInfoGrpcServiceImpl, class: spring.authservice.adapter.in.grpc.UserInfoGrpcServiceImpl
2025-11-05 11:28:32.386 [main] INFO  n.d.b.g.s.s.AbstractGrpcServerFactory - Registered gRPC service: grpc.health.v1.Health, bean: grpcHealthService, class: io.grpc.protobuf.services.HealthServiceImpl
2025-11-05 11:28:32.386 [main] INFO  n.d.b.g.s.s.AbstractGrpcServerFactory - Registered gRPC service: grpc.reflection.v1alpha.ServerReflection, bean: protoReflectionService, class: io.grpc.protobuf.services.ProtoReflectionService
2025-11-05 11:28:32.485 [main] INFO  n.d.b.g.s.s.GrpcServerLifecycle - gRPC Server started, listening on address: *, port: 9090
2025-11-05 11:28:32.495 [main] INFO  s.authservice.AuthServiceApplication - Started AuthServiceApplication in 5.981 seconds (process running for 6.733)
2025-11-05 11:28:40.557 [http-nio-9001-exec-1] INFO  o.a.c.c.C.[Tomcat].[localhost].[/] - Initializing Spring DispatcherServlet 'dispatcherServlet'
2025-11-05 11:28:40.557 [http-nio-9001-exec-1] INFO  o.s.web.servlet.DispatcherServlet - Initializing Servlet 'dispatcherServlet'
2025-11-05 11:28:40.558 [http-nio-9001-exec-1] INFO  o.s.web.servlet.DispatcherServlet - Completed initialization in 1 ms
2025-11-05 11:31:12.271 [http-nio-9001-exec-5] INFO  s.a.application.service.EmailService - 양방향 참조 Redis 저장 완료 - email: yjincode@gmail.com, token: 302f8d03249b4c84979c1e12270bfc6d, code: 131377
2025-11-05 11:31:15.949 [http-nio-9001-exec-5] INFO  s.a.application.service.EmailService - 이메일 인증 발송 성공: yjincode@gmail.com
2025-11-05 11:31:15.995 [http-nio-9001-exec-6] INFO  s.a.a.i.w.EmailVerificationSseController - SSE 인증 대기 요청: yjincode@gmail.com
2025-11-05 11:31:15.996 [http-nio-9001-exec-6] INFO  s.a.a.s.EmailVerificationSseService - SSE 연결 생성: yjincode@gmail.com
2025-11-05 11:31:25.266 [http-nio-9001-exec-7] WARN  s.a.application.service.EmailService - 토큰이 만료되거나 존재하지 않음: e446239a7cb54001b3b4182309b895d6
2025-11-05 11:31:31.105 [http-nio-9001-exec-8] INFO  s.a.application.service.EmailService - 토큰 기반 이메일 인증 성공: yjincode@gmail.com (token: 302f8d03249b4c84979c1e12270bfc6d)
2025-11-05 11:31:31.113 [redisMessageListenerContainer-1] INFO  s.a.a.s.EmailVerificationSseService - 이메일 인증 완료 알림 수신: yjincode@gmail.com
2025-11-05 11:31:31.124 [redisMessageListenerContainer-1] INFO  s.a.a.s.EmailVerificationSseService - SSE 인증 완료 전송 성공: yjincode@gmail.com
2025-11-05 11:31:31.140 [http-nio-9001-exec-9] INFO  s.a.a.s.EmailVerificationSseService - SSE 연결 정상 종료: yjincode@gmail.com
2025-11-05 11:31:46.289 [http-nio-9001-exec-10] ERROR o.a.c.c.C.[.[.[.[dispatcherServlet] - Servlet.service() for servlet [dispatcherServlet] in context with path [] threw exception [Request processing failed: io.jsonwebtoken.security.WeakKeyException: The signing key's size is 240 bits which is not secure enough for the HS256 algorithm.  The JWT JWA Specification (RFC 7518, Section 3.2) states that keys used with HS256 MUST have a size >= 256 bits (the key size must be greater than or equal to the hash output size).  Consider using the io.jsonwebtoken.security.Keys class's 'secretKeyFor(SignatureAlgorithm.HS256)' method to create a key guaranteed to be secure enough for HS256.  See https://tools.ietf.org/html/rfc7518#section-3.2 for more information.] with root cause
io.jsonwebtoken.security.WeakKeyException: The signing key's size is 240 bits which is not secure enough for the HS256 algorithm.  The JWT JWA Specification (RFC 7518, Section 3.2) states that keys used with HS256 MUST have a size >= 256 bits (the key size must be greater than or equal to the hash output size).  Consider using the io.jsonwebtoken.security.Keys class's 'secretKeyFor(SignatureAlgorithm.HS256)' method to create a key guaranteed to be secure enough for HS256.  See https://tools.ietf.org/html/rfc7518#section-3.2 for more information.
	at io.jsonwebtoken.SignatureAlgorithm.assertValid(SignatureAlgorithm.java:387)
	at io.jsonwebtoken.SignatureAlgorithm.assertValidSigningKey(SignatureAlgorithm.java:315)
	at io.jsonwebtoken.impl.DefaultJwtBuilder.signWith(DefaultJwtBuilder.java:112)
	at io.jsonwebtoken.impl.DefaultJwtBuilder.signWith(DefaultJwtBuilder.java:125)
	at io.jsonwebtoken.impl.DefaultJwtBuilder.signWith(DefaultJwtBuilder.java:133)
	at spring.authservice.util.JwtUtil.generateTokens(JwtUtil.java:39)
	at spring.authservice.application.service.UserService.registerUser(UserService.java:90)
	at java.base/jdk.internal.reflect.DirectMethodHandleAccessor.invoke(DirectMethodHandleAccessor.java:103)
	at java.base/java.lang.reflect.Method.invoke(Method.java:580)
	at org.springframework.aop.support.AopUtils.invokeJoinpointUsingReflection(AopUtils.java:360)
	at org.springframework.aop.framework.ReflectiveMethodInvocation.invokeJoinpoint(ReflectiveMethodInvocation.java:196)
	at org.springframework.aop.framework.ReflectiveMethodInvocation.proceed(ReflectiveMethodInvocation.java:163)
	at org.springframework.transaction.interceptor.TransactionAspectSupport.invokeWithinTransaction(TransactionAspectSupport.java:380)
	at org.springframework.transaction.interceptor.TransactionInterceptor.invoke(TransactionInterceptor.java:119)
	at org.springframework.aop.framework.ReflectiveMethodInvocation.proceed(ReflectiveMethodInvocation.java:184)
	at org.springframework.aop.framework.CglibAopProxy$DynamicAdvisedInterceptor.intercept(CglibAopProxy.java:728)
	at spring.authservice.application.service.UserService$$SpringCGLIB$$0.registerUser(<generated>)
	at spring.authservice.adapter.in.web.UserController.register(UserController.java:35)
	at java.base/jdk.internal.reflect.DirectMethodHandleAccessor.invoke(DirectMethodHandleAccessor.java:103)
	at java.base/java.lang.reflect.Method.invoke(Method.java:580)
	at org.springframework.web.method.support.InvocableHandlerMethod.doInvoke(InvocableHandlerMethod.java:258)
	at org.springframework.web.method.support.InvocableHandlerMethod.invokeForRequest(InvocableHandlerMethod.java:191)
	at org.springframework.web.servlet.mvc.method.annotation.ServletInvocableHandlerMethod.invokeAndHandle(ServletInvocableHandlerMethod.java:118)
	at org.springframework.web.servlet.mvc.method.annotation.RequestMappingHandlerAdapter.invokeHandlerMethod(RequestMappingHandlerAdapter.java:991)
	at org.springframework.web.servlet.mvc.method.annotation.RequestMappingHandlerAdapter.handleInternal(RequestMappingHandlerAdapter.java:896)
	at org.springframework.web.servlet.mvc.method.AbstractHandlerMethodAdapter.handle(AbstractHandlerMethodAdapter.java:87)
	at org.springframework.web.servlet.DispatcherServlet.doDispatch(DispatcherServlet.java:1089)
	at org.springframework.web.servlet.DispatcherServlet.doService(DispatcherServlet.java:979)
	at org.springframework.web.servlet.FrameworkServlet.processRequest(FrameworkServlet.java:1014)
	at org.springframework.web.servlet.FrameworkServlet.doPost(FrameworkServlet.java:914)
	at jakarta.servlet.http.HttpServlet.service(HttpServlet.java:590)
	at org.springframework.web.servlet.FrameworkServlet.service(FrameworkServlet.java:885)
	at jakarta.servlet.http.HttpServlet.service(HttpServlet.java:658)
	at org.apache.catalina.core.ApplicationFilterChain.internalDoFilter(ApplicationFilterChain.java:195)
	at org.apache.catalina.core.ApplicationFilterChain.doFilter(ApplicationFilterChain.java:140)
	at org.apache.tomcat.websocket.server.WsFilter.doFilter(WsFilter.java:51)
	at org.apache.catalina.core.ApplicationFilterChain.internalDoFilter(ApplicationFilterChain.java:164)
	at org.apache.catalina.core.ApplicationFilterChain.doFilter(ApplicationFilterChain.java:140)
	at org.springframework.web.filter.CompositeFilter$VirtualFilterChain.doFilter(CompositeFilter.java:108)
	at org.springframework.web.filter.CompositeFilter$VirtualFilterChain.doFilter(CompositeFilter.java:108)
	at org.springframework.security.web.FilterChainProxy.lambda$doFilterInternal$3(FilterChainProxy.java:231)
	at org.springframework.security.web.FilterChainProxy$VirtualFilterChain.doFilter(FilterChainProxy.java:365)
	at org.springframework.security.web.access.intercept.AuthorizationFilter.doFilter(AuthorizationFilter.java:101)
	at org.springframework.security.web.FilterChainProxy$VirtualFilterChain.doFilter(FilterChainProxy.java:374)
	at org.springframework.security.web.access.ExceptionTranslationFilter.doFilter(ExceptionTranslationFilter.java:125)
	at org.springframework.security.web.access.ExceptionTranslationFilter.doFilter(ExceptionTranslationFilter.java:119)
	at org.springframework.security.web.FilterChainProxy$VirtualFilterChain.doFilter(FilterChainProxy.java:374)
	at org.springframework.security.web.session.SessionManagementFilter.doFilter(SessionManagementFilter.java:131)
	at org.springframework.security.web.session.SessionManagementFilter.doFilter(SessionManagementFilter.java:85)
	at org.springframework.security.web.FilterChainProxy$VirtualFilterChain.doFilter(FilterChainProxy.java:374)
	at org.springframework.security.web.authentication.AnonymousAuthenticationFilter.doFilter(AnonymousAuthenticationFilter.java:100)
	at org.springframework.security.web.FilterChainProxy$VirtualFilterChain.doFilter(FilterChainProxy.java:374)
	at org.springframework.security.web.servletapi.SecurityContextHolderAwareRequestFilter.doFilter(SecurityContextHolderAwareRequestFilter.java:179)
	at org.springframework.security.web.FilterChainProxy$VirtualFilterChain.doFilter(FilterChainProxy.java:374)
	at org.springframework.security.web.savedrequest.RequestCacheAwareFilter.doFilter(RequestCacheAwareFilter.java:63)
	at org.springframework.security.web.FilterChainProxy$VirtualFilterChain.doFilter(FilterChainProxy.java:374)
	at org.springframework.security.web.authentication.logout.LogoutFilter.doFilter(LogoutFilter.java:107)
	at org.springframework.security.web.authentication.logout.LogoutFilter.doFilter(LogoutFilter.java:93)
	at org.springframework.security.web.FilterChainProxy$VirtualFilterChain.doFilter(FilterChainProxy.java:374)
	at org.springframework.web.filter.CorsFilter.doFilterInternal(CorsFilter.java:91)
	at org.springframework.web.filter.OncePerRequestFilter.doFilter(OncePerRequestFilter.java:116)
	at org.springframework.security.web.FilterChainProxy$VirtualFilterChain.doFilter(FilterChainProxy.java:374)
	at org.springframework.security.web.header.HeaderWriterFilter.doHeadersAfter(HeaderWriterFilter.java:90)
	at org.springframework.security.web.header.HeaderWriterFilter.doFilterInternal(HeaderWriterFilter.java:75)
	at org.springframework.web.filter.OncePerRequestFilter.doFilter(OncePerRequestFilter.java:116)
	at org.springframework.security.web.FilterChainProxy$VirtualFilterChain.doFilter(FilterChainProxy.java:374)
	at org.springframework.security.web.context.SecurityContextHolderFilter.doFilter(SecurityContextHolderFilter.java:82)
	at org.springframework.security.web.context.SecurityContextHolderFilter.doFilter(SecurityContextHolderFilter.java:69)
	at org.springframework.security.web.FilterChainProxy$VirtualFilterChain.doFilter(FilterChainProxy.java:374)
	at org.springframework.security.web.context.request.async.WebAsyncManagerIntegrationFilter.doFilterInternal(WebAsyncManagerIntegrationFilter.java:62)
	at org.springframework.web.filter.OncePerRequestFilter.doFilter(OncePerRequestFilter.java:116)
	at org.springframework.security.web.FilterChainProxy$VirtualFilterChain.doFilter(FilterChainProxy.java:374)
	at org.springframework.security.web.session.DisableEncodeUrlFilter.doFilterInternal(DisableEncodeUrlFilter.java:42)
	at org.springframework.web.filter.OncePerRequestFilter.doFilter(OncePerRequestFilter.java:116)
	at org.springframework.security.web.FilterChainProxy$VirtualFilterChain.doFilter(FilterChainProxy.java:374)
	at org.springframework.security.web.FilterChainProxy.doFilterInternal(FilterChainProxy.java:233)
	at org.springframework.security.web.FilterChainProxy.doFilter(FilterChainProxy.java:191)
	at org.springframework.web.filter.CompositeFilter$VirtualFilterChain.doFilter(CompositeFilter.java:113)
	at org.springframework.web.filter.ServletRequestPathFilter.doFilter(ServletRequestPathFilter.java:52)
	at org.springframework.web.filter.CompositeFilter$VirtualFilterChain.doFilter(CompositeFilter.java:113)
	at org.springframework.web.filter.CompositeFilter.doFilter(CompositeFilter.java:74)
	at org.springframework.security.config.annotation.web.configuration.WebSecurityConfiguration$CompositeFilterChainProxy.doFilter(WebSecurityConfiguration.java:319)
	at org.springframework.web.filter.CompositeFilter$VirtualFilterChain.doFilter(CompositeFilter.java:113)
	at org.springframework.web.servlet.handler.HandlerMappingIntrospector.lambda$createCacheFilter$4(HandlerMappingIntrospector.java:267)
	at org.springframework.web.filter.CompositeFilter$VirtualFilterChain.doFilter(CompositeFilter.java:113)
	at org.springframework.web.filter.CompositeFilter.doFilter(CompositeFilter.java:74)
	at org.springframework.security.config.annotation.web.configuration.WebMvcSecurityConfiguration$CompositeFilterChainProxy.doFilter(WebMvcSecurityConfiguration.java:240)
	at org.springframework.web.filter.DelegatingFilterProxy.invokeDelegate(DelegatingFilterProxy.java:362)
	at org.springframework.web.filter.DelegatingFilterProxy.doFilter(DelegatingFilterProxy.java:278)
	at org.apache.catalina.core.ApplicationFilterChain.internalDoFilter(ApplicationFilterChain.java:164)
	at org.apache.catalina.core.ApplicationFilterChain.doFilter(ApplicationFilterChain.java:140)
	at org.springframework.web.filter.RequestContextFilter.doFilterInternal(RequestContextFilter.java:100)
	at org.springframework.web.filter.OncePerRequestFilter.doFilter(OncePerRequestFilter.java:116)
	at org.apache.catalina.core.ApplicationFilterChain.internalDoFilter(ApplicationFilterChain.java:164)
	at org.apache.catalina.core.ApplicationFilterChain.doFilter(ApplicationFilterChain.java:140)
	at org.springframework.web.filter.FormContentFilter.doFilterInternal(FormContentFilter.java:93)
	at org.springframework.web.filter.OncePerRequestFilter.doFilter(OncePerRequestFilter.java:116)
	at org.apache.catalina.core.ApplicationFilterChain.internalDoFilter(ApplicationFilterChain.java:164)
	at org.apache.catalina.core.ApplicationFilterChain.doFilter(ApplicationFilterChain.java:140)
	at org.springframework.web.filter.CharacterEncodingFilter.doFilterInternal(CharacterEncodingFilter.java:201)
	at org.springframework.web.filter.OncePerRequestFilter.doFilter(OncePerRequestFilter.java:116)
	at org.apache.catalina.core.ApplicationFilterChain.internalDoFilter(ApplicationFilterChain.java:164)
	at org.apache.catalina.core.ApplicationFilterChain.doFilter(ApplicationFilterChain.java:140)
	at org.apache.catalina.core.StandardWrapperValve.invoke(StandardWrapperValve.java:167)
	at org.apache.catalina.core.StandardContextValve.invoke(StandardContextValve.java:90)
	at org.apache.catalina.authenticator.AuthenticatorBase.invoke(AuthenticatorBase.java:483)
	at org.apache.catalina.core.StandardHostValve.invoke(StandardHostValve.java:116)
	at org.apache.catalina.valves.ErrorReportValve.invoke(ErrorReportValve.java:93)
	at org.apache.catalina.core.StandardEngineValve.invoke(StandardEngineValve.java:74)
	at org.apache.catalina.connector.CoyoteAdapter.service(CoyoteAdapter.java:344)
	at org.apache.coyote.http11.Http11Processor.service(Http11Processor.java:398)
	at org.apache.coyote.AbstractProcessorLight.process(AbstractProcessorLight.java:63)
	at org.apache.coyote.AbstractProtocol$ConnectionHandler.process(AbstractProtocol.java:903)
	at org.apache.tomcat.util.net.NioEndpoint$SocketProcessor.doRun(NioEndpoint.java:1776)
	at org.apache.tomcat.util.net.SocketProcessorBase.run(SocketProcessorBase.java:52)
	at org.apache.tomcat.util.threads.ThreadPoolExecutor.runWorker(ThreadPoolExecutor.java:975)
	at org.apache.tomcat.util.threads.ThreadPoolExecutor$Worker.run(ThreadPoolExecutor.java:493)
	at org.apache.tomcat.util.threads.TaskThread$WrappingRunnable.run(TaskThread.java:63)
	at java.base/java.lang.Thread.run(Thread.java:1583)
2025-11-05 11:38:14.713 [SpringApplicationShutdownHook] INFO  n.d.b.g.s.s.GrpcServerLifecycle - Completed gRPC server shutdown
2025-11-05 11:38:14.717 [SpringApplicationShutdownHook] INFO  o.s.b.w.e.tomcat.GracefulShutdown - Commencing graceful shutdown. Waiting for active requests to complete
2025-11-05 11:38:14.720 [tomcat-shutdown] INFO  o.s.b.w.e.tomcat.GracefulShutdown - Graceful shutdown complete
2025-11-05 11:38:14.739 [SpringApplicationShutdownHook] INFO  o.s.o.j.LocalContainerEntityManagerFactoryBean - Closing JPA EntityManagerFactory for persistence unit 'default'
2025-11-05 11:38:14.741 [SpringApplicationShutdownHook] INFO  com.zaxxer.hikari.HikariDataSource - HikariPool-1 - Shutdown initiated...
2025-11-05 11:38:14.744 [SpringApplicationShutdownHook] INFO  com.zaxxer.hikari.HikariDataSource - HikariPool-1 - Shutdown completed.
2025-11-05 11:38:18.602 [main] INFO  s.authservice.AuthServiceApplication - Starting AuthServiceApplication using Java 21.0.8 with PID 90602 (/Users/jeong-yeongjin/Desktop/exProject/project/backend/auth-service/build/classes/java/main started by jeong-yeongjin in /Users/jeong-yeongjin/Desktop/exProject/project/backend/auth-service)
2025-11-05 11:38:18.605 [main] INFO  s.authservice.AuthServiceApplication - The following 1 profile is active: "local"
2025-11-05 11:38:19.653 [main] INFO  o.s.d.r.c.RepositoryConfigurationDelegate - Multiple Spring Data modules found, entering strict repository configuration mode
2025-11-05 11:38:19.655 [main] INFO  o.s.d.r.c.RepositoryConfigurationDelegate - Bootstrapping Spring Data JPA repositories in DEFAULT mode.
2025-11-05 11:38:19.931 [main] INFO  o.s.d.r.c.RepositoryConfigurationDelegate - Finished Spring Data repository scanning in 266 ms. Found 3 JPA repository interfaces.
2025-11-05 11:38:19.952 [main] INFO  o.s.d.r.c.RepositoryConfigurationDelegate - Multiple Spring Data modules found, entering strict repository configuration mode
2025-11-05 11:38:19.953 [main] INFO  o.s.d.r.c.RepositoryConfigurationDelegate - Bootstrapping Spring Data Redis repositories in DEFAULT mode.
2025-11-05 11:38:19.990 [main] INFO  o.s.d.r.c.RepositoryConfigurationExtensionSupport - Spring Data Redis - Could not safely identify store assignment for repository candidate interface spring.authservice.adapter.out.persistence.RefreshTokenSessionRepository; If you want this repository to be a Redis repository, consider annotating your entities with one of these annotations: org.springframework.data.redis.core.RedisHash (preferred), or consider extending one of the following types with your repository: org.springframework.data.keyvalue.repository.KeyValueRepository
2025-11-05 11:38:19.990 [main] INFO  o.s.d.r.c.RepositoryConfigurationExtensionSupport - Spring Data Redis - Could not safely identify store assignment for repository candidate interface spring.authservice.adapter.out.persistence.SecurityAuditLogRepository; If you want this repository to be a Redis repository, consider annotating your entities with one of these annotations: org.springframework.data.redis.core.RedisHash (preferred), or consider extending one of the following types with your repository: org.springframework.data.keyvalue.repository.KeyValueRepository
2025-11-05 11:38:19.991 [main] INFO  o.s.d.r.c.RepositoryConfigurationExtensionSupport - Spring Data Redis - Could not safely identify store assignment for repository candidate interface spring.authservice.adapter.out.persistence.UserRepository; If you want this repository to be a Redis repository, consider annotating your entities with one of these annotations: org.springframework.data.redis.core.RedisHash (preferred), or consider extending one of the following types with your repository: org.springframework.data.keyvalue.repository.KeyValueRepository
2025-11-05 11:38:19.991 [main] INFO  o.s.d.r.c.RepositoryConfigurationDelegate - Finished Spring Data repository scanning in 29 ms. Found 0 Redis repository interfaces.
2025-11-05 11:38:20.584 [main] INFO  o.s.b.w.e.tomcat.TomcatWebServer - Tomcat initialized with port 9001 (http)
2025-11-05 11:38:20.595 [main] INFO  o.a.coyote.http11.Http11NioProtocol - Initializing ProtocolHandler ["http-nio-9001"]
2025-11-05 11:38:20.596 [main] INFO  o.a.catalina.core.StandardService - Starting service [Tomcat]
2025-11-05 11:38:20.596 [main] INFO  o.a.catalina.core.StandardEngine - Starting Servlet engine: [Apache Tomcat/10.1.46]
2025-11-05 11:38:20.638 [main] INFO  o.a.c.c.C.[Tomcat].[localhost].[/] - Initializing Spring embedded WebApplicationContext
2025-11-05 11:38:20.639 [main] INFO  o.s.b.w.s.c.ServletWebServerApplicationContext - Root WebApplicationContext: initialization completed in 1986 ms
2025-11-05 11:38:21.195 [main] INFO  o.s.o.j.p.SpringPersistenceUnitInfo - No LoadTimeWeaver setup: ignoring JPA class transformer
2025-11-05 11:38:21.228 [main] INFO  com.zaxxer.hikari.HikariDataSource - HikariPool-1 - Starting...
2025-11-05 11:38:21.402 [main] INFO  com.zaxxer.hikari.pool.HikariPool - HikariPool-1 - Added connection org.postgresql.jdbc.PgConnection@5ea0a7a9
2025-11-05 11:38:21.404 [main] INFO  com.zaxxer.hikari.HikariDataSource - HikariPool-1 - Start completed.
2025-11-05 11:38:21.453 [main] WARN  org.hibernate.orm.deprecation - HHH90000025: PostgreSQLDialect does not need to be specified explicitly using 'hibernate.dialect' (remove the property setting and it will be selected by default)
2025-11-05 11:38:22.278 [main] INFO  o.s.o.j.LocalContainerEntityManagerFactoryBean - Initialized JPA EntityManagerFactory for persistence unit 'default'
2025-11-05 11:38:22.853 [main] INFO  o.s.d.j.r.query.QueryEnhancerFactory - Hibernate is in classpath; If applicable, HQL parser will be used.
2025-11-05 11:38:23.843 [main] WARN  o.s.b.a.o.j.JpaBaseConfiguration$JpaWebConfiguration - spring.jpa.open-in-view is enabled by default. Therefore, database queries may be performed during view rendering. Explicitly configure spring.jpa.open-in-view to disable this warning
2025-11-05 11:38:24.134 [main] INFO  o.s.v.b.OptionalValidatorFactoryBean - Failed to set up a Bean Validation provider: jakarta.validation.NoProviderFoundException: Unable to create a Configuration, because no Jakarta Bean Validation provider could be found. Add a provider like Hibernate Validator (RI) to your classpath.
2025-11-05 11:38:24.257 [main] INFO  n.d.b.g.s.a.GrpcServerFactoryAutoConfiguration - Detected grpc-netty-shaded: Creating ShadedNettyGrpcServerFactory
2025-11-05 11:38:24.538 [main] INFO  o.a.coyote.http11.Http11NioProtocol - Starting ProtocolHandler ["http-nio-9001"]
2025-11-05 11:38:24.548 [main] INFO  o.s.b.w.e.tomcat.TomcatWebServer - Tomcat started on port 9001 (http) with context path '/'
2025-11-05 11:38:24.632 [main] INFO  n.d.b.g.s.s.AbstractGrpcServerFactory - Registered gRPC service: spring.authservice.grpc.TokenService, bean: tokenServiceGrpcImpl, class: spring.authservice.adapter.in.grpc.TokenServiceGrpcImpl
2025-11-05 11:38:24.632 [main] INFO  n.d.b.g.s.s.AbstractGrpcServerFactory - Registered gRPC service: spring.authservice.grpc.UserInfoService, bean: userInfoGrpcServiceImpl, class: spring.authservice.adapter.in.grpc.UserInfoGrpcServiceImpl
2025-11-05 11:38:24.632 [main] INFO  n.d.b.g.s.s.AbstractGrpcServerFactory - Registered gRPC service: grpc.health.v1.Health, bean: grpcHealthService, class: io.grpc.protobuf.services.HealthServiceImpl
2025-11-05 11:38:24.632 [main] INFO  n.d.b.g.s.s.AbstractGrpcServerFactory - Registered gRPC service: grpc.reflection.v1alpha.ServerReflection, bean: protoReflectionService, class: io.grpc.protobuf.services.ProtoReflectionService
2025-11-05 11:38:24.730 [main] INFO  n.d.b.g.s.s.GrpcServerLifecycle - gRPC Server started, listening on address: *, port: 9090
2025-11-05 11:38:24.739 [main] INFO  s.authservice.AuthServiceApplication - Started AuthServiceApplication in 6.626 seconds (process running for 7.373)
2025-11-05 11:44:13.353 [http-nio-9001-exec-1] INFO  o.a.c.c.C.[Tomcat].[localhost].[/] - Initializing Spring DispatcherServlet 'dispatcherServlet'
2025-11-05 11:44:13.354 [http-nio-9001-exec-1] INFO  o.s.web.servlet.DispatcherServlet - Initializing Servlet 'dispatcherServlet'
2025-11-05 11:44:13.355 [http-nio-9001-exec-1] INFO  o.s.web.servlet.DispatcherServlet - Completed initialization in 1 ms
2025-11-05 11:45:03.088 [http-nio-9001-exec-2] INFO  s.a.application.service.EmailService - 양방향 참조 Redis 저장 완료 - email: yjincode@gmail.com, token: f467e476038f43d8890823aa7ba3dae1, code: 029131
2025-11-05 11:45:07.435 [http-nio-9001-exec-2] INFO  s.a.application.service.EmailService - 이메일 인증 발송 성공: yjincode@gmail.com
2025-11-05 11:45:07.465 [http-nio-9001-exec-3] INFO  s.a.a.i.w.EmailVerificationSseController - SSE 인증 대기 요청: yjincode@gmail.com
2025-11-05 11:45:07.466 [http-nio-9001-exec-3] INFO  s.a.a.s.EmailVerificationSseService - SSE 연결 생성: yjincode@gmail.com
2025-11-05 11:45:17.561 [http-nio-9001-exec-4] INFO  s.a.application.service.EmailService - 토큰 기반 이메일 인증 성공: yjincode@gmail.com (token: f467e476038f43d8890823aa7ba3dae1)
2025-11-05 11:45:17.570 [redisMessageListenerContainer-1] INFO  s.a.a.s.EmailVerificationSseService - 이메일 인증 완료 알림 수신: yjincode@gmail.com
2025-11-05 11:45:17.580 [redisMessageListenerContainer-1] INFO  s.a.a.s.EmailVerificationSseService - SSE 인증 완료 전송 성공: yjincode@gmail.com
2025-11-05 11:45:17.591 [http-nio-9001-exec-5] INFO  s.a.a.s.EmailVerificationSseService - SSE 연결 정상 종료: yjincode@gmail.com
2025-11-05 12:25:03.564 [SpringApplicationShutdownHook] INFO  n.d.b.g.s.s.GrpcServerLifecycle - Completed gRPC server shutdown
2025-11-05 12:25:03.568 [SpringApplicationShutdownHook] INFO  o.s.b.w.e.tomcat.GracefulShutdown - Commencing graceful shutdown. Waiting for active requests to complete
2025-11-05 12:25:03.574 [tomcat-shutdown] INFO  o.s.b.w.e.tomcat.GracefulShutdown - Graceful shutdown complete
2025-11-05 12:25:03.616 [SpringApplicationShutdownHook] INFO  o.s.o.j.LocalContainerEntityManagerFactoryBean - Closing JPA EntityManagerFactory for persistence unit 'default'
2025-11-05 12:25:03.623 [SpringApplicationShutdownHook] INFO  com.zaxxer.hikari.HikariDataSource - HikariPool-1 - Shutdown initiated...
2025-11-05 12:25:03.627 [SpringApplicationShutdownHook] INFO  com.zaxxer.hikari.HikariDataSource - HikariPool-1 - Shutdown completed.
2025-11-05 12:25:10.341 [main] INFO  s.authservice.AuthServiceApplication - Starting AuthServiceApplication using Java 21.0.8 with PID 22026 (/Users/jeong-yeongjin/Desktop/exProject/project/backend/auth-service/build/classes/java/main started by jeong-yeongjin in /Users/jeong-yeongjin/Desktop/exProject/project/backend/auth-service)
2025-11-05 12:25:10.344 [main] INFO  s.authservice.AuthServiceApplication - The following 1 profile is active: "local"
2025-11-05 12:25:11.319 [main] INFO  o.s.d.r.c.RepositoryConfigurationDelegate - Multiple Spring Data modules found, entering strict repository configuration mode
2025-11-05 12:25:11.320 [main] INFO  o.s.d.r.c.RepositoryConfigurationDelegate - Bootstrapping Spring Data JPA repositories in DEFAULT mode.
2025-11-05 12:25:11.495 [main] INFO  o.s.d.r.c.RepositoryConfigurationDelegate - Finished Spring Data repository scanning in 166 ms. Found 3 JPA repository interfaces.
2025-11-05 12:25:11.514 [main] INFO  o.s.d.r.c.RepositoryConfigurationDelegate - Multiple Spring Data modules found, entering strict repository configuration mode
2025-11-05 12:25:11.515 [main] INFO  o.s.d.r.c.RepositoryConfigurationDelegate - Bootstrapping Spring Data Redis repositories in DEFAULT mode.
2025-11-05 12:25:11.538 [main] INFO  o.s.d.r.c.RepositoryConfigurationExtensionSupport - Spring Data Redis - Could not safely identify store assignment for repository candidate interface spring.authservice.adapter.out.persistence.RefreshTokenSessionRepository; If you want this repository to be a Redis repository, consider annotating your entities with one of these annotations: org.springframework.data.redis.core.RedisHash (preferred), or consider extending one of the following types with your repository: org.springframework.data.keyvalue.repository.KeyValueRepository
2025-11-05 12:25:11.539 [main] INFO  o.s.d.r.c.RepositoryConfigurationExtensionSupport - Spring Data Redis - Could not safely identify store assignment for repository candidate interface spring.authservice.adapter.out.persistence.SecurityAuditLogRepository; If you want this repository to be a Redis repository, consider annotating your entities with one of these annotations: org.springframework.data.redis.core.RedisHash (preferred), or consider extending one of the following types with your repository: org.springframework.data.keyvalue.repository.KeyValueRepository
2025-11-05 12:25:11.539 [main] INFO  o.s.d.r.c.RepositoryConfigurationExtensionSupport - Spring Data Redis - Could not safely identify store assignment for repository candidate interface spring.authservice.adapter.out.persistence.UserRepository; If you want this repository to be a Redis repository, consider annotating your entities with one of these annotations: org.springframework.data.redis.core.RedisHash (preferred), or consider extending one of the following types with your repository: org.springframework.data.keyvalue.repository.KeyValueRepository
2025-11-05 12:25:11.539 [main] INFO  o.s.d.r.c.RepositoryConfigurationDelegate - Finished Spring Data repository scanning in 13 ms. Found 0 Redis repository interfaces.
2025-11-05 12:25:12.111 [main] INFO  o.s.b.w.e.tomcat.TomcatWebServer - Tomcat initialized with port 9001 (http)
2025-11-05 12:25:12.127 [main] INFO  o.a.coyote.http11.Http11NioProtocol - Initializing ProtocolHandler ["http-nio-9001"]
2025-11-05 12:25:12.128 [main] INFO  o.a.catalina.core.StandardService - Starting service [Tomcat]
2025-11-05 12:25:12.128 [main] INFO  o.a.catalina.core.StandardEngine - Starting Servlet engine: [Apache Tomcat/10.1.46]
2025-11-05 12:25:12.178 [main] INFO  o.a.c.c.C.[Tomcat].[localhost].[/] - Initializing Spring embedded WebApplicationContext
2025-11-05 12:25:12.178 [main] INFO  o.s.b.w.s.c.ServletWebServerApplicationContext - Root WebApplicationContext: initialization completed in 1769 ms
2025-11-05 12:25:12.778 [main] INFO  o.s.o.j.p.SpringPersistenceUnitInfo - No LoadTimeWeaver setup: ignoring JPA class transformer
2025-11-05 12:25:12.808 [main] INFO  com.zaxxer.hikari.HikariDataSource - HikariPool-1 - Starting...
2025-11-05 12:25:12.940 [main] INFO  com.zaxxer.hikari.pool.HikariPool - HikariPool-1 - Added connection org.postgresql.jdbc.PgConnection@3a6b94b6
2025-11-05 12:25:12.941 [main] INFO  com.zaxxer.hikari.HikariDataSource - HikariPool-1 - Start completed.
2025-11-05 12:25:12.976 [main] WARN  org.hibernate.orm.deprecation - HHH90000025: PostgreSQLDialect does not need to be specified explicitly using 'hibernate.dialect' (remove the property setting and it will be selected by default)
2025-11-05 12:25:13.849 [main] INFO  o.s.o.j.LocalContainerEntityManagerFactoryBean - Initialized JPA EntityManagerFactory for persistence unit 'default'
2025-11-05 12:25:14.823 [main] INFO  o.s.d.j.r.query.QueryEnhancerFactory - Hibernate is in classpath; If applicable, HQL parser will be used.
2025-11-05 12:25:15.947 [main] WARN  o.s.b.a.o.j.JpaBaseConfiguration$JpaWebConfiguration - spring.jpa.open-in-view is enabled by default. Therefore, database queries may be performed during view rendering. Explicitly configure spring.jpa.open-in-view to disable this warning
2025-11-05 12:25:16.244 [main] INFO  o.s.v.b.OptionalValidatorFactoryBean - Failed to set up a Bean Validation provider: jakarta.validation.NoProviderFoundException: Unable to create a Configuration, because no Jakarta Bean Validation provider could be found. Add a provider like Hibernate Validator (RI) to your classpath.
2025-11-05 12:25:16.340 [main] INFO  n.d.b.g.s.a.GrpcServerFactoryAutoConfiguration - Detected grpc-netty-shaded: Creating ShadedNettyGrpcServerFactory
2025-11-05 12:25:16.630 [main] INFO  o.a.coyote.http11.Http11NioProtocol - Starting ProtocolHandler ["http-nio-9001"]
2025-11-05 12:25:16.641 [main] INFO  o.s.b.w.e.tomcat.TomcatWebServer - Tomcat started on port 9001 (http) with context path '/'
2025-11-05 12:25:16.723 [main] INFO  n.d.b.g.s.s.AbstractGrpcServerFactory - Registered gRPC service: spring.authservice.grpc.TokenService, bean: tokenServiceGrpcImpl, class: spring.authservice.adapter.in.grpc.TokenServiceGrpcImpl
2025-11-05 12:25:16.724 [main] INFO  n.d.b.g.s.s.AbstractGrpcServerFactory - Registered gRPC service: spring.authservice.grpc.UserInfoService, bean: userInfoGrpcServiceImpl, class: spring.authservice.adapter.in.grpc.UserInfoGrpcServiceImpl
2025-11-05 12:25:16.724 [main] INFO  n.d.b.g.s.s.AbstractGrpcServerFactory - Registered gRPC service: grpc.health.v1.Health, bean: grpcHealthService, class: io.grpc.protobuf.services.HealthServiceImpl
2025-11-05 12:25:16.724 [main] INFO  n.d.b.g.s.s.AbstractGrpcServerFactory - Registered gRPC service: grpc.reflection.v1alpha.ServerReflection, bean: protoReflectionService, class: io.grpc.protobuf.services.ProtoReflectionService
2025-11-05 12:25:16.854 [main] INFO  n.d.b.g.s.s.GrpcServerLifecycle - gRPC Server started, listening on address: *, port: 9090
2025-11-05 12:25:16.872 [main] INFO  s.authservice.AuthServiceApplication - Started AuthServiceApplication in 7.621 seconds (process running for 8.504)
2025-11-05 12:25:42.327 [http-nio-9001-exec-1] INFO  o.a.c.c.C.[Tomcat].[localhost].[/] - Initializing Spring DispatcherServlet 'dispatcherServlet'
2025-11-05 12:25:42.327 [http-nio-9001-exec-1] INFO  o.s.web.servlet.DispatcherServlet - Initializing Servlet 'dispatcherServlet'
2025-11-05 12:25:42.328 [http-nio-9001-exec-1] INFO  o.s.web.servlet.DispatcherServlet - Completed initialization in 1 ms
2025-11-05 12:30:57.123 [SpringApplicationShutdownHook] INFO  n.d.b.g.s.s.GrpcServerLifecycle - Completed gRPC server shutdown
2025-11-05 12:30:57.125 [SpringApplicationShutdownHook] INFO  o.s.b.w.e.tomcat.GracefulShutdown - Commencing graceful shutdown. Waiting for active requests to complete
2025-11-05 12:30:57.128 [tomcat-shutdown] INFO  o.s.b.w.e.tomcat.GracefulShutdown - Graceful shutdown complete
2025-11-05 12:30:57.153 [SpringApplicationShutdownHook] INFO  o.s.o.j.LocalContainerEntityManagerFactoryBean - Closing JPA EntityManagerFactory for persistence unit 'default'
2025-11-05 12:30:57.156 [SpringApplicationShutdownHook] INFO  com.zaxxer.hikari.HikariDataSource - HikariPool-1 - Shutdown initiated...
2025-11-05 12:30:57.158 [SpringApplicationShutdownHook] INFO  com.zaxxer.hikari.HikariDataSource - HikariPool-1 - Shutdown completed.
2025-11-05 12:31:03.921 [main] INFO  s.authservice.AuthServiceApplication - Starting AuthServiceApplication using Java 21.0.8 with PID 25722 (/Users/jeong-yeongjin/Desktop/exProject/project/backend/auth-service/build/classes/java/main started by jeong-yeongjin in /Users/jeong-yeongjin/Desktop/exProject/project/backend/auth-service)
2025-11-05 12:31:03.924 [main] INFO  s.authservice.AuthServiceApplication - The following 1 profile is active: "local"
2025-11-05 12:31:04.852 [main] INFO  o.s.d.r.c.RepositoryConfigurationDelegate - Multiple Spring Data modules found, entering strict repository configuration mode
2025-11-05 12:31:04.854 [main] INFO  o.s.d.r.c.RepositoryConfigurationDelegate - Bootstrapping Spring Data JPA repositories in DEFAULT mode.
2025-11-05 12:31:05.190 [main] INFO  o.s.d.r.c.RepositoryConfigurationDelegate - Finished Spring Data repository scanning in 328 ms. Found 3 JPA repository interfaces.
2025-11-05 12:31:05.222 [main] INFO  o.s.d.r.c.RepositoryConfigurationDelegate - Multiple Spring Data modules found, entering strict repository configuration mode
2025-11-05 12:31:05.224 [main] INFO  o.s.d.r.c.RepositoryConfigurationDelegate - Bootstrapping Spring Data Redis repositories in DEFAULT mode.
2025-11-05 12:31:05.256 [main] INFO  o.s.d.r.c.RepositoryConfigurationExtensionSupport - Spring Data Redis - Could not safely identify store assignment for repository candidate interface spring.authservice.adapter.out.persistence.RefreshTokenSessionRepository; If you want this repository to be a Redis repository, consider annotating your entities with one of these annotations: org.springframework.data.redis.core.RedisHash (preferred), or consider extending one of the following types with your repository: org.springframework.data.keyvalue.repository.KeyValueRepository
2025-11-05 12:31:05.256 [main] INFO  o.s.d.r.c.RepositoryConfigurationExtensionSupport - Spring Data Redis - Could not safely identify store assignment for repository candidate interface spring.authservice.adapter.out.persistence.SecurityAuditLogRepository; If you want this repository to be a Redis repository, consider annotating your entities with one of these annotations: org.springframework.data.redis.core.RedisHash (preferred), or consider extending one of the following types with your repository: org.springframework.data.keyvalue.repository.KeyValueRepository
2025-11-05 12:31:05.256 [main] INFO  o.s.d.r.c.RepositoryConfigurationExtensionSupport - Spring Data Redis - Could not safely identify store assignment for repository candidate interface spring.authservice.adapter.out.persistence.UserRepository; If you want this repository to be a Redis repository, consider annotating your entities with one of these annotations: org.springframework.data.redis.core.RedisHash (preferred), or consider extending one of the following types with your repository: org.springframework.data.keyvalue.repository.KeyValueRepository
2025-11-05 12:31:05.256 [main] INFO  o.s.d.r.c.RepositoryConfigurationDelegate - Finished Spring Data repository scanning in 16 ms. Found 0 Redis repository interfaces.
2025-11-05 12:31:05.840 [main] INFO  o.s.b.w.e.tomcat.TomcatWebServer - Tomcat initialized with port 9001 (http)
2025-11-05 12:31:05.852 [main] INFO  o.a.coyote.http11.Http11NioProtocol - Initializing ProtocolHandler ["http-nio-9001"]
2025-11-05 12:31:05.853 [main] INFO  o.a.catalina.core.StandardService - Starting service [Tomcat]
2025-11-05 12:31:05.853 [main] INFO  o.a.catalina.core.StandardEngine - Starting Servlet engine: [Apache Tomcat/10.1.46]
2025-11-05 12:31:05.896 [main] INFO  o.a.c.c.C.[Tomcat].[localhost].[/] - Initializing Spring embedded WebApplicationContext
2025-11-05 12:31:05.896 [main] INFO  o.s.b.w.s.c.ServletWebServerApplicationContext - Root WebApplicationContext: initialization completed in 1883 ms
2025-11-05 12:31:06.634 [main] INFO  o.s.o.j.p.SpringPersistenceUnitInfo - No LoadTimeWeaver setup: ignoring JPA class transformer
2025-11-05 12:31:06.659 [main] INFO  com.zaxxer.hikari.HikariDataSource - HikariPool-1 - Starting...
2025-11-05 12:31:06.785 [main] INFO  com.zaxxer.hikari.pool.HikariPool - HikariPool-1 - Added connection org.postgresql.jdbc.PgConnection@5e3405a1
2025-11-05 12:31:06.787 [main] INFO  com.zaxxer.hikari.HikariDataSource - HikariPool-1 - Start completed.
2025-11-05 12:31:06.816 [main] WARN  org.hibernate.orm.deprecation - HHH90000025: PostgreSQLDialect does not need to be specified explicitly using 'hibernate.dialect' (remove the property setting and it will be selected by default)
2025-11-05 12:31:07.734 [main] INFO  o.s.o.j.LocalContainerEntityManagerFactoryBean - Initialized JPA EntityManagerFactory for persistence unit 'default'
2025-11-05 12:31:08.650 [main] INFO  o.s.d.j.r.query.QueryEnhancerFactory - Hibernate is in classpath; If applicable, HQL parser will be used.
2025-11-05 12:31:09.695 [main] WARN  o.s.b.a.o.j.JpaBaseConfiguration$JpaWebConfiguration - spring.jpa.open-in-view is enabled by default. Therefore, database queries may be performed during view rendering. Explicitly configure spring.jpa.open-in-view to disable this warning
2025-11-05 12:31:09.988 [main] INFO  o.s.v.b.OptionalValidatorFactoryBean - Failed to set up a Bean Validation provider: jakarta.validation.NoProviderFoundException: Unable to create a Configuration, because no Jakarta Bean Validation provider could be found. Add a provider like Hibernate Validator (RI) to your classpath.
2025-11-05 12:31:10.110 [main] INFO  n.d.b.g.s.a.GrpcServerFactoryAutoConfiguration - Detected grpc-netty-shaded: Creating ShadedNettyGrpcServerFactory
2025-11-05 12:31:10.411 [main] INFO  o.a.coyote.http11.Http11NioProtocol - Starting ProtocolHandler ["http-nio-9001"]
2025-11-05 12:31:10.427 [main] INFO  o.s.b.w.e.tomcat.TomcatWebServer - Tomcat started on port 9001 (http) with context path '/'
2025-11-05 12:31:10.507 [main] INFO  n.d.b.g.s.s.AbstractGrpcServerFactory - Registered gRPC service: spring.authservice.grpc.TokenService, bean: tokenServiceGrpcImpl, class: spring.authservice.adapter.in.grpc.TokenServiceGrpcImpl
2025-11-05 12:31:10.508 [main] INFO  n.d.b.g.s.s.AbstractGrpcServerFactory - Registered gRPC service: spring.authservice.grpc.UserInfoService, bean: userInfoGrpcServiceImpl, class: spring.authservice.adapter.in.grpc.UserInfoGrpcServiceImpl
2025-11-05 12:31:10.508 [main] INFO  n.d.b.g.s.s.AbstractGrpcServerFactory - Registered gRPC service: grpc.health.v1.Health, bean: grpcHealthService, class: io.grpc.protobuf.services.HealthServiceImpl
2025-11-05 12:31:10.508 [main] INFO  n.d.b.g.s.s.AbstractGrpcServerFactory - Registered gRPC service: grpc.reflection.v1alpha.ServerReflection, bean: protoReflectionService, class: io.grpc.protobuf.services.ProtoReflectionService
2025-11-05 12:31:10.612 [main] INFO  n.d.b.g.s.s.GrpcServerLifecycle - gRPC Server started, listening on address: *, port: 9090
2025-11-05 12:31:10.626 [main] INFO  s.authservice.AuthServiceApplication - Started AuthServiceApplication in 7.608 seconds (process running for 8.348)
2025-11-05 12:31:17.019 [http-nio-9001-exec-1] INFO  o.a.c.c.C.[Tomcat].[localhost].[/] - Initializing Spring DispatcherServlet 'dispatcherServlet'
2025-11-05 12:31:17.020 [http-nio-9001-exec-1] INFO  o.s.web.servlet.DispatcherServlet - Initializing Servlet 'dispatcherServlet'
2025-11-05 12:31:17.021 [http-nio-9001-exec-1] INFO  o.s.web.servlet.DispatcherServlet - Completed initialization in 1 ms
2025-11-05 13:29:52.725 [SpringApplicationShutdownHook] INFO  n.d.b.g.s.s.GrpcServerLifecycle - Completed gRPC server shutdown
2025-11-05 13:29:52.730 [SpringApplicationShutdownHook] INFO  o.s.b.w.e.tomcat.GracefulShutdown - Commencing graceful shutdown. Waiting for active requests to complete
2025-11-05 13:29:52.735 [tomcat-shutdown] INFO  o.s.b.w.e.tomcat.GracefulShutdown - Graceful shutdown complete
2025-11-05 13:29:52.774 [SpringApplicationShutdownHook] INFO  o.s.o.j.LocalContainerEntityManagerFactoryBean - Closing JPA EntityManagerFactory for persistence unit 'default'
2025-11-05 13:29:52.782 [SpringApplicationShutdownHook] INFO  com.zaxxer.hikari.HikariDataSource - HikariPool-1 - Shutdown initiated...
2025-11-05 13:29:52.787 [SpringApplicationShutdownHook] INFO  com.zaxxer.hikari.HikariDataSource - HikariPool-1 - Shutdown completed.
2025-11-05 13:52:23.691 [main] INFO  s.authservice.AuthServiceApplication - Starting AuthServiceApplication using Java 21.0.8 with PID 77366 (/Users/jeong-yeongjin/Desktop/exProject/project/backend/auth-service/build/classes/java/main started by jeong-yeongjin in /Users/jeong-yeongjin/Desktop/exProject/project/backend/auth-service)
2025-11-05 13:52:23.693 [main] INFO  s.authservice.AuthServiceApplication - The following 1 profile is active: "local"
2025-11-05 13:52:24.690 [main] INFO  o.s.d.r.c.RepositoryConfigurationDelegate - Multiple Spring Data modules found, entering strict repository configuration mode
2025-11-05 13:52:24.692 [main] INFO  o.s.d.r.c.RepositoryConfigurationDelegate - Bootstrapping Spring Data JPA repositories in DEFAULT mode.
2025-11-05 13:52:24.901 [main] INFO  o.s.d.r.c.RepositoryConfigurationDelegate - Finished Spring Data repository scanning in 201 ms. Found 3 JPA repository interfaces.
2025-11-05 13:52:24.924 [main] INFO  o.s.d.r.c.RepositoryConfigurationDelegate - Multiple Spring Data modules found, entering strict repository configuration mode
2025-11-05 13:52:24.926 [main] INFO  o.s.d.r.c.RepositoryConfigurationDelegate - Bootstrapping Spring Data Redis repositories in DEFAULT mode.
2025-11-05 13:52:24.946 [main] INFO  o.s.d.r.c.RepositoryConfigurationExtensionSupport - Spring Data Redis - Could not safely identify store assignment for repository candidate interface spring.authservice.adapter.out.persistence.RefreshTokenSessionRepository; If you want this repository to be a Redis repository, consider annotating your entities with one of these annotations: org.springframework.data.redis.core.RedisHash (preferred), or consider extending one of the following types with your repository: org.springframework.data.keyvalue.repository.KeyValueRepository
2025-11-05 13:52:24.946 [main] INFO  o.s.d.r.c.RepositoryConfigurationExtensionSupport - Spring Data Redis - Could not safely identify store assignment for repository candidate interface spring.authservice.adapter.out.persistence.SecurityAuditLogRepository; If you want this repository to be a Redis repository, consider annotating your entities with one of these annotations: org.springframework.data.redis.core.RedisHash (preferred), or consider extending one of the following types with your repository: org.springframework.data.keyvalue.repository.KeyValueRepository
2025-11-05 13:52:24.947 [main] INFO  o.s.d.r.c.RepositoryConfigurationExtensionSupport - Spring Data Redis - Could not safely identify store assignment for repository candidate interface spring.authservice.adapter.out.persistence.UserRepository; If you want this repository to be a Redis repository, consider annotating your entities with one of these annotations: org.springframework.data.redis.core.RedisHash (preferred), or consider extending one of the following types with your repository: org.springframework.data.keyvalue.repository.KeyValueRepository
2025-11-05 13:52:24.947 [main] INFO  o.s.d.r.c.RepositoryConfigurationDelegate - Finished Spring Data repository scanning in 10 ms. Found 0 Redis repository interfaces.
2025-11-05 13:52:25.517 [main] INFO  o.s.b.w.e.tomcat.TomcatWebServer - Tomcat initialized with port 9001 (http)
2025-11-05 13:52:25.529 [main] INFO  o.a.coyote.http11.Http11NioProtocol - Initializing ProtocolHandler ["http-nio-9001"]
2025-11-05 13:52:25.530 [main] INFO  o.a.catalina.core.StandardService - Starting service [Tomcat]
2025-11-05 13:52:25.530 [main] INFO  o.a.catalina.core.StandardEngine - Starting Servlet engine: [Apache Tomcat/10.1.46]
2025-11-05 13:52:25.574 [main] INFO  o.a.c.c.C.[Tomcat].[localhost].[/] - Initializing Spring embedded WebApplicationContext
2025-11-05 13:52:25.574 [main] INFO  o.s.b.w.s.c.ServletWebServerApplicationContext - Root WebApplicationContext: initialization completed in 1823 ms
2025-11-05 13:52:26.120 [main] INFO  o.s.o.j.p.SpringPersistenceUnitInfo - No LoadTimeWeaver setup: ignoring JPA class transformer
2025-11-05 13:52:26.151 [main] INFO  com.zaxxer.hikari.HikariDataSource - HikariPool-1 - Starting...
2025-11-05 13:52:26.277 [main] INFO  com.zaxxer.hikari.pool.HikariPool - HikariPool-1 - Added connection org.postgresql.jdbc.PgConnection@2f3a8166
2025-11-05 13:52:26.279 [main] INFO  com.zaxxer.hikari.HikariDataSource - HikariPool-1 - Start completed.
2025-11-05 13:52:26.310 [main] WARN  org.hibernate.orm.deprecation - HHH90000025: PostgreSQLDialect does not need to be specified explicitly using 'hibernate.dialect' (remove the property setting and it will be selected by default)
2025-11-05 13:52:27.299 [main] INFO  o.s.o.j.LocalContainerEntityManagerFactoryBean - Initialized JPA EntityManagerFactory for persistence unit 'default'
2025-11-05 13:52:27.920 [main] INFO  o.s.d.j.r.query.QueryEnhancerFactory - Hibernate is in classpath; If applicable, HQL parser will be used.
2025-11-05 13:52:29.068 [main] WARN  o.s.b.a.o.j.JpaBaseConfiguration$JpaWebConfiguration - spring.jpa.open-in-view is enabled by default. Therefore, database queries may be performed during view rendering. Explicitly configure spring.jpa.open-in-view to disable this warning
2025-11-05 13:52:29.400 [main] INFO  o.s.v.b.OptionalValidatorFactoryBean - Failed to set up a Bean Validation provider: jakarta.validation.NoProviderFoundException: Unable to create a Configuration, because no Jakarta Bean Validation provider could be found. Add a provider like Hibernate Validator (RI) to your classpath.
2025-11-05 13:52:29.516 [main] INFO  n.d.b.g.s.a.GrpcServerFactoryAutoConfiguration - Detected grpc-netty-shaded: Creating ShadedNettyGrpcServerFactory
2025-11-05 13:52:29.862 [main] INFO  o.a.coyote.http11.Http11NioProtocol - Starting ProtocolHandler ["http-nio-9001"]
2025-11-05 13:52:29.875 [main] INFO  o.s.b.w.e.tomcat.TomcatWebServer - Tomcat started on port 9001 (http) with context path '/'
2025-11-05 13:52:29.961 [main] INFO  n.d.b.g.s.s.AbstractGrpcServerFactory - Registered gRPC service: spring.authservice.grpc.TokenService, bean: tokenServiceGrpcImpl, class: spring.authservice.adapter.in.grpc.TokenServiceGrpcImpl
2025-11-05 13:52:29.961 [main] INFO  n.d.b.g.s.s.AbstractGrpcServerFactory - Registered gRPC service: spring.authservice.grpc.UserInfoService, bean: userInfoGrpcServiceImpl, class: spring.authservice.adapter.in.grpc.UserInfoGrpcServiceImpl
2025-11-05 13:52:29.961 [main] INFO  n.d.b.g.s.s.AbstractGrpcServerFactory - Registered gRPC service: grpc.health.v1.Health, bean: grpcHealthService, class: io.grpc.protobuf.services.HealthServiceImpl
2025-11-05 13:52:29.961 [main] INFO  n.d.b.g.s.s.AbstractGrpcServerFactory - Registered gRPC service: grpc.reflection.v1alpha.ServerReflection, bean: protoReflectionService, class: io.grpc.protobuf.services.ProtoReflectionService
2025-11-05 13:52:30.102 [main] INFO  n.d.b.g.s.s.GrpcServerLifecycle - gRPC Server started, listening on address: *, port: 9090
2025-11-05 13:52:30.116 [main] INFO  s.authservice.AuthServiceApplication - Started AuthServiceApplication in 7.386 seconds (process running for 8.323)
2025-11-05 13:56:47.972 [http-nio-9001-exec-1] INFO  o.a.c.c.C.[Tomcat].[localhost].[/] - Initializing Spring DispatcherServlet 'dispatcherServlet'
2025-11-05 13:56:47.972 [http-nio-9001-exec-1] INFO  o.s.web.servlet.DispatcherServlet - Initializing Servlet 'dispatcherServlet'
2025-11-05 13:56:47.974 [http-nio-9001-exec-1] INFO  o.s.web.servlet.DispatcherServlet - Completed initialization in 2 ms
2025-11-05 14:00:16.799 [http-nio-9001-exec-3] INFO  s.a.application.service.EmailService - 양방향 참조 Redis 저장 완료 - email: yjincode@gmail.com, token: 88902266ad9646fe8aa9856607c99df1, code: 019591
2025-11-05 14:00:20.831 [http-nio-9001-exec-3] INFO  s.a.application.service.EmailService - 이메일 인증 발송 성공: yjincode@gmail.com
2025-11-05 14:00:20.884 [http-nio-9001-exec-4] INFO  s.a.a.i.w.EmailVerificationSseController - SSE 인증 대기 요청: yjincode@gmail.com
2025-11-05 14:00:20.885 [http-nio-9001-exec-4] INFO  s.a.a.s.EmailVerificationSseService - SSE 연결 생성: yjincode@gmail.com
2025-11-05 14:00:37.883 [http-nio-9001-exec-5] INFO  s.a.application.service.EmailService - 토큰 기반 이메일 인증 성공: yjincode@gmail.com (token: 88902266ad9646fe8aa9856607c99df1)
2025-11-05 14:00:37.896 [redisMessageListenerContainer-1] INFO  s.a.a.s.EmailVerificationSseService - 이메일 인증 완료 알림 수신: yjincode@gmail.com
2025-11-05 14:00:37.906 [redisMessageListenerContainer-1] INFO  s.a.a.s.EmailVerificationSseService - SSE 인증 완료 전송 성공: yjincode@gmail.com
2025-11-05 14:00:37.917 [http-nio-9001-exec-6] INFO  s.a.a.s.EmailVerificationSseService - SSE 연결 정상 종료: yjincode@gmail.com
2025-11-05 14:02:46.365 [http-nio-9001-exec-10] WARN  o.h.e.jdbc.spi.SqlExceptionHelper - SQL Error: 0, SQLState: 23502
2025-11-05 14:02:46.365 [http-nio-9001-exec-10] ERROR o.h.e.jdbc.spi.SqlExceptionHelper - ERROR: null value in column "account_verified" of relation "users" violates not-null constraint
  Detail: Failing row contains (3, null, EMAIL, 2025-11-05 14:02:46.356578, yjincode@gmail.com, test, $2a$10$MGsv2JUDzNEAfCKMSCfRquuspv9.3laZrTiU7AAuU6DGVl/8V90RK, null, null, 2025-11-05 14:02:46.356615, null).
2025-11-05 14:02:46.381 [http-nio-9001-exec-10] ERROR o.a.c.c.C.[.[.[.[dispatcherServlet] - Servlet.service() for servlet [dispatcherServlet] in context with path [] threw exception [Request processing failed: org.springframework.dao.DataIntegrityViolationException: could not execute statement [ERROR: null value in column "account_verified" of relation "users" violates not-null constraint
  Detail: Failing row contains (3, null, EMAIL, 2025-11-05 14:02:46.356578, yjincode@gmail.com, test, $2a$10$MGsv2JUDzNEAfCKMSCfRquuspv9.3laZrTiU7AAuU6DGVl/8V90RK, null, null, 2025-11-05 14:02:46.356615, null).] [insert into users (auth_provider,created_at,email,nickname,password,profile_image_url,social_id,updated_at,username) values (?,?,?,?,?,?,?,?,?)]; SQL [insert into users (auth_provider,created_at,email,nickname,password,profile_image_url,social_id,updated_at,username) values (?,?,?,?,?,?,?,?,?)]; constraint [account_verified" of relation "users]] with root cause
org.postgresql.util.PSQLException: ERROR: null value in column "account_verified" of relation "users" violates not-null constraint
  Detail: Failing row contains (3, null, EMAIL, 2025-11-05 14:02:46.356578, yjincode@gmail.com, test, $2a$10$MGsv2JUDzNEAfCKMSCfRquuspv9.3laZrTiU7AAuU6DGVl/8V90RK, null, null, 2025-11-05 14:02:46.356615, null).
	at org.postgresql.core.v3.QueryExecutorImpl.receiveErrorResponse(QueryExecutorImpl.java:2734)
	at org.postgresql.core.v3.QueryExecutorImpl.processResults(QueryExecutorImpl.java:2421)
	at org.postgresql.core.v3.QueryExecutorImpl.execute(QueryExecutorImpl.java:372)
	at org.postgresql.jdbc.PgStatement.executeInternal(PgStatement.java:518)
	at org.postgresql.jdbc.PgStatement.execute(PgStatement.java:435)
	at org.postgresql.jdbc.PgPreparedStatement.executeWithFlags(PgPreparedStatement.java:196)
	at org.postgresql.jdbc.PgPreparedStatement.executeUpdate(PgPreparedStatement.java:157)
	at com.zaxxer.hikari.pool.ProxyPreparedStatement.executeUpdate(ProxyPreparedStatement.java:61)
	at com.zaxxer.hikari.pool.HikariProxyPreparedStatement.executeUpdate(HikariProxyPreparedStatement.java)
	at org.hibernate.engine.jdbc.internal.ResultSetReturnImpl.executeUpdate(ResultSetReturnImpl.java:194)
	at org.hibernate.id.insert.GetGeneratedKeysDelegate.performMutation(GetGeneratedKeysDelegate.java:116)
	at org.hibernate.engine.jdbc.mutation.internal.MutationExecutorSingleNonBatched.performNonBatchedOperations(MutationExecutorSingleNonBatched.java:47)
	at org.hibernate.engine.jdbc.mutation.internal.AbstractMutationExecutor.execute(AbstractMutationExecutor.java:55)
	at org.hibernate.persister.entity.mutation.InsertCoordinatorStandard.doStaticInserts(InsertCoordinatorStandard.java:194)
	at org.hibernate.persister.entity.mutation.InsertCoordinatorStandard.coordinateInsert(InsertCoordinatorStandard.java:132)
	at org.hibernate.persister.entity.mutation.InsertCoordinatorStandard.insert(InsertCoordinatorStandard.java:95)
	at org.hibernate.action.internal.EntityIdentityInsertAction.execute(EntityIdentityInsertAction.java:85)
	at org.hibernate.engine.spi.ActionQueue.execute(ActionQueue.java:682)
	at org.hibernate.engine.spi.ActionQueue.addResolvedEntityInsertAction(ActionQueue.java:293)
	at org.hibernate.engine.spi.ActionQueue.addInsertAction(ActionQueue.java:274)
	at org.hibernate.engine.spi.ActionQueue.addAction(ActionQueue.java:324)
	at org.hibernate.event.internal.AbstractSaveEventListener.addInsertAction(AbstractSaveEventListener.java:394)
	at org.hibernate.event.internal.AbstractSaveEventListener.performSaveOrReplicate(AbstractSaveEventListener.java:308)
	at org.hibernate.event.internal.AbstractSaveEventListener.performSave(AbstractSaveEventListener.java:224)
	at org.hibernate.event.internal.AbstractSaveEventListener.saveWithGeneratedId(AbstractSaveEventListener.java:136)
	at org.hibernate.event.internal.DefaultPersistEventListener.entityIsTransient(DefaultPersistEventListener.java:177)
	at org.hibernate.event.internal.DefaultPersistEventListener.persist(DefaultPersistEventListener.java:95)
	at org.hibernate.event.internal.DefaultPersistEventListener.onPersist(DefaultPersistEventListener.java:79)
	at org.hibernate.event.internal.DefaultPersistEventListener.onPersist(DefaultPersistEventListener.java:55)
	at org.hibernate.event.service.internal.EventListenerGroupImpl.fireEventOnEachListener(EventListenerGroupImpl.java:127)
	at org.hibernate.internal.SessionImpl.firePersist(SessionImpl.java:761)
	at org.hibernate.internal.SessionImpl.persist(SessionImpl.java:745)
	at java.base/jdk.internal.reflect.DirectMethodHandleAccessor.invoke(DirectMethodHandleAccessor.java:103)
	at java.base/java.lang.reflect.Method.invoke(Method.java:580)
	at org.springframework.orm.jpa.ExtendedEntityManagerCreator$ExtendedEntityManagerInvocationHandler.invoke(ExtendedEntityManagerCreator.java:364)
	at jdk.proxy2/jdk.proxy2.$Proxy138.persist(Unknown Source)
	at java.base/jdk.internal.reflect.DirectMethodHandleAccessor.invoke(DirectMethodHandleAccessor.java:103)
	at java.base/java.lang.reflect.Method.invoke(Method.java:580)
	at org.springframework.orm.jpa.SharedEntityManagerCreator$SharedEntityManagerInvocationHandler.invoke(SharedEntityManagerCreator.java:320)
	at jdk.proxy2/jdk.proxy2.$Proxy138.persist(Unknown Source)
	at org.springframework.data.jpa.repository.support.SimpleJpaRepository.save(SimpleJpaRepository.java:654)
	at java.base/jdk.internal.reflect.DirectMethodHandleAccessor.invoke(DirectMethodHandleAccessor.java:103)
	at java.base/java.lang.reflect.Method.invoke(Method.java:580)
	at org.springframework.aop.support.AopUtils.invokeJoinpointUsingReflection(AopUtils.java:360)
	at org.springframework.data.repository.core.support.RepositoryMethodInvoker$RepositoryFragmentMethodInvoker.lambda$new$0(RepositoryMethodInvoker.java:277)
	at org.springframework.data.repository.core.support.RepositoryMethodInvoker.doInvoke(RepositoryMethodInvoker.java:170)
	at org.springframework.data.repository.core.support.RepositoryMethodInvoker.invoke(RepositoryMethodInvoker.java:158)
	at org.springframework.data.repository.core.support.RepositoryComposition$RepositoryFragments.invoke(RepositoryComposition.java:515)
	at org.springframework.data.repository.core.support.RepositoryComposition.invoke(RepositoryComposition.java:284)
	at org.springframework.data.repository.core.support.RepositoryFactorySupport$ImplementationMethodExecutionInterceptor.invoke(RepositoryFactorySupport.java:734)
	at org.springframework.aop.framework.ReflectiveMethodInvocation.proceed(ReflectiveMethodInvocation.java:184)
	at org.springframework.data.repository.core.support.QueryExecutorMethodInterceptor.doInvoke(QueryExecutorMethodInterceptor.java:174)
	at org.springframework.data.repository.core.support.QueryExecutorMethodInterceptor.invoke(QueryExecutorMethodInterceptor.java:149)
	at org.springframework.aop.framework.ReflectiveMethodInvocation.proceed(ReflectiveMethodInvocation.java:184)
	at org.springframework.data.projection.DefaultMethodInvokingMethodInterceptor.invoke(DefaultMethodInvokingMethodInterceptor.java:69)
	at org.springframework.aop.framework.ReflectiveMethodInvocation.proceed(ReflectiveMethodInvocation.java:184)
	at org.springframework.transaction.interceptor.TransactionAspectSupport.invokeWithinTransaction(TransactionAspectSupport.java:380)
	at org.springframework.transaction.interceptor.TransactionInterceptor.invoke(TransactionInterceptor.java:119)
	at org.springframework.aop.framework.ReflectiveMethodInvocation.proceed(ReflectiveMethodInvocation.java:184)
	at org.springframework.dao.support.PersistenceExceptionTranslationInterceptor.invoke(PersistenceExceptionTranslationInterceptor.java:138)
	at org.springframework.aop.framework.ReflectiveMethodInvocation.proceed(ReflectiveMethodInvocation.java:184)
	at org.springframework.data.jpa.repository.support.CrudMethodMetadataPostProcessor$CrudMethodMetadataPopulatingMethodInterceptor.invoke(CrudMethodMetadataPostProcessor.java:165)
	at org.springframework.aop.framework.ReflectiveMethodInvocation.proceed(ReflectiveMethodInvocation.java:184)
	at org.springframework.aop.framework.JdkDynamicAopProxy.invoke(JdkDynamicAopProxy.java:223)
	at jdk.proxy2/jdk.proxy2.$Proxy141.save(Unknown Source)
	at spring.authservice.adapter.out.persistence.UserPersistenceAdapter.save(UserPersistenceAdapter.java:23)
	at spring.authservice.application.service.UserService.registerUser(UserService.java:84)
	at java.base/jdk.internal.reflect.DirectMethodHandleAccessor.invoke(DirectMethodHandleAccessor.java:103)
	at java.base/java.lang.reflect.Method.invoke(Method.java:580)
	at org.springframework.aop.support.AopUtils.invokeJoinpointUsingReflection(AopUtils.java:360)
	at org.springframework.aop.framework.ReflectiveMethodInvocation.invokeJoinpoint(ReflectiveMethodInvocation.java:196)
	at org.springframework.aop.framework.ReflectiveMethodInvocation.proceed(ReflectiveMethodInvocation.java:163)
	at org.springframework.transaction.interceptor.TransactionAspectSupport.invokeWithinTransaction(TransactionAspectSupport.java:380)
	at org.springframework.transaction.interceptor.TransactionInterceptor.invoke(TransactionInterceptor.java:119)
	at org.springframework.aop.framework.ReflectiveMethodInvocation.proceed(ReflectiveMethodInvocation.java:184)
	at org.springframework.aop.framework.CglibAopProxy$DynamicAdvisedInterceptor.intercept(CglibAopProxy.java:728)
	at spring.authservice.application.service.UserService$$SpringCGLIB$$0.registerUser(<generated>)
	at spring.authservice.adapter.in.web.UserController.register(UserController.java:35)
	at java.base/jdk.internal.reflect.DirectMethodHandleAccessor.invoke(DirectMethodHandleAccessor.java:103)
	at java.base/java.lang.reflect.Method.invoke(Method.java:580)
	at org.springframework.web.method.support.InvocableHandlerMethod.doInvoke(InvocableHandlerMethod.java:258)
	at org.springframework.web.method.support.InvocableHandlerMethod.invokeForRequest(InvocableHandlerMethod.java:191)
	at org.springframework.web.servlet.mvc.method.annotation.ServletInvocableHandlerMethod.invokeAndHandle(ServletInvocableHandlerMethod.java:118)
	at org.springframework.web.servlet.mvc.method.annotation.RequestMappingHandlerAdapter.invokeHandlerMethod(RequestMappingHandlerAdapter.java:991)
	at org.springframework.web.servlet.mvc.method.annotation.RequestMappingHandlerAdapter.handleInternal(RequestMappingHandlerAdapter.java:896)
	at org.springframework.web.servlet.mvc.method.AbstractHandlerMethodAdapter.handle(AbstractHandlerMethodAdapter.java:87)
	at org.springframework.web.servlet.DispatcherServlet.doDispatch(DispatcherServlet.java:1089)
	at org.springframework.web.servlet.DispatcherServlet.doService(DispatcherServlet.java:979)
	at org.springframework.web.servlet.FrameworkServlet.processRequest(FrameworkServlet.java:1014)
	at org.springframework.web.servlet.FrameworkServlet.doPost(FrameworkServlet.java:914)
	at jakarta.servlet.http.HttpServlet.service(HttpServlet.java:590)
	at org.springframework.web.servlet.FrameworkServlet.service(FrameworkServlet.java:885)
	at jakarta.servlet.http.HttpServlet.service(HttpServlet.java:658)
	at org.apache.catalina.core.ApplicationFilterChain.internalDoFilter(ApplicationFilterChain.java:195)
	at org.apache.catalina.core.ApplicationFilterChain.doFilter(ApplicationFilterChain.java:140)
	at org.apache.tomcat.websocket.server.WsFilter.doFilter(WsFilter.java:51)
	at org.apache.catalina.core.ApplicationFilterChain.internalDoFilter(ApplicationFilterChain.java:164)
	at org.apache.catalina.core.ApplicationFilterChain.doFilter(ApplicationFilterChain.java:140)
	at org.springframework.web.filter.CompositeFilter$VirtualFilterChain.doFilter(CompositeFilter.java:108)
	at org.springframework.web.filter.CompositeFilter$VirtualFilterChain.doFilter(CompositeFilter.java:108)
	at org.springframework.security.web.FilterChainProxy.lambda$doFilterInternal$3(FilterChainProxy.java:231)
	at org.springframework.security.web.FilterChainProxy$VirtualFilterChain.doFilter(FilterChainProxy.java:365)
	at org.springframework.security.web.access.intercept.AuthorizationFilter.doFilter(AuthorizationFilter.java:101)
	at org.springframework.security.web.FilterChainProxy$VirtualFilterChain.doFilter(FilterChainProxy.java:374)
	at org.springframework.security.web.access.ExceptionTranslationFilter.doFilter(ExceptionTranslationFilter.java:125)
	at org.springframework.security.web.access.ExceptionTranslationFilter.doFilter(ExceptionTranslationFilter.java:119)
	at org.springframework.security.web.FilterChainProxy$VirtualFilterChain.doFilter(FilterChainProxy.java:374)
	at org.springframework.security.web.session.SessionManagementFilter.doFilter(SessionManagementFilter.java:131)
	at org.springframework.security.web.session.SessionManagementFilter.doFilter(SessionManagementFilter.java:85)
	at org.springframework.security.web.FilterChainProxy$VirtualFilterChain.doFilter(FilterChainProxy.java:374)
	at org.springframework.security.web.authentication.AnonymousAuthenticationFilter.doFilter(AnonymousAuthenticationFilter.java:100)
	at org.springframework.security.web.FilterChainProxy$VirtualFilterChain.doFilter(FilterChainProxy.java:374)
	at org.springframework.security.web.servletapi.SecurityContextHolderAwareRequestFilter.doFilter(SecurityContextHolderAwareRequestFilter.java:179)
	at org.springframework.security.web.FilterChainProxy$VirtualFilterChain.doFilter(FilterChainProxy.java:374)
	at org.springframework.security.web.savedrequest.RequestCacheAwareFilter.doFilter(RequestCacheAwareFilter.java:63)
	at org.springframework.security.web.FilterChainProxy$VirtualFilterChain.doFilter(FilterChainProxy.java:374)
	at org.springframework.security.web.authentication.logout.LogoutFilter.doFilter(LogoutFilter.java:107)
	at org.springframework.security.web.authentication.logout.LogoutFilter.doFilter(LogoutFilter.java:93)
	at org.springframework.security.web.FilterChainProxy$VirtualFilterChain.doFilter(FilterChainProxy.java:374)
	at org.springframework.web.filter.CorsFilter.doFilterInternal(CorsFilter.java:91)
	at org.springframework.web.filter.OncePerRequestFilter.doFilter(OncePerRequestFilter.java:116)
	at org.springframework.security.web.FilterChainProxy$VirtualFilterChain.doFilter(FilterChainProxy.java:374)
	at org.springframework.security.web.header.HeaderWriterFilter.doHeadersAfter(HeaderWriterFilter.java:90)
	at org.springframework.security.web.header.HeaderWriterFilter.doFilterInternal(HeaderWriterFilter.java:75)
	at org.springframework.web.filter.OncePerRequestFilter.doFilter(OncePerRequestFilter.java:116)
	at org.springframework.security.web.FilterChainProxy$VirtualFilterChain.doFilter(FilterChainProxy.java:374)
	at org.springframework.security.web.context.SecurityContextHolderFilter.doFilter(SecurityContextHolderFilter.java:82)
	at org.springframework.security.web.context.SecurityContextHolderFilter.doFilter(SecurityContextHolderFilter.java:69)
	at org.springframework.security.web.FilterChainProxy$VirtualFilterChain.doFilter(FilterChainProxy.java:374)
	at org.springframework.security.web.context.request.async.WebAsyncManagerIntegrationFilter.doFilterInternal(WebAsyncManagerIntegrationFilter.java:62)
	at org.springframework.web.filter.OncePerRequestFilter.doFilter(OncePerRequestFilter.java:116)
	at org.springframework.security.web.FilterChainProxy$VirtualFilterChain.doFilter(FilterChainProxy.java:374)
	at org.springframework.security.web.session.DisableEncodeUrlFilter.doFilterInternal(DisableEncodeUrlFilter.java:42)
	at org.springframework.web.filter.OncePerRequestFilter.doFilter(OncePerRequestFilter.java:116)
	at org.springframework.security.web.FilterChainProxy$VirtualFilterChain.doFilter(FilterChainProxy.java:374)
	at org.springframework.security.web.FilterChainProxy.doFilterInternal(FilterChainProxy.java:233)
	at org.springframework.security.web.FilterChainProxy.doFilter(FilterChainProxy.java:191)
	at org.springframework.web.filter.CompositeFilter$VirtualFilterChain.doFilter(CompositeFilter.java:113)
	at org.springframework.web.filter.ServletRequestPathFilter.doFilter(ServletRequestPathFilter.java:52)
	at org.springframework.web.filter.CompositeFilter$VirtualFilterChain.doFilter(CompositeFilter.java:113)
	at org.springframework.web.filter.CompositeFilter.doFilter(CompositeFilter.java:74)
	at org.springframework.security.config.annotation.web.configuration.WebSecurityConfiguration$CompositeFilterChainProxy.doFilter(WebSecurityConfiguration.java:319)
	at org.springframework.web.filter.CompositeFilter$VirtualFilterChain.doFilter(CompositeFilter.java:113)
	at org.springframework.web.servlet.handler.HandlerMappingIntrospector.lambda$createCacheFilter$4(HandlerMappingIntrospector.java:267)
	at org.springframework.web.filter.CompositeFilter$VirtualFilterChain.doFilter(CompositeFilter.java:113)
	at org.springframework.web.filter.CompositeFilter.doFilter(CompositeFilter.java:74)
	at org.springframework.security.config.annotation.web.configuration.WebMvcSecurityConfiguration$CompositeFilterChainProxy.doFilter(WebMvcSecurityConfiguration.java:240)
	at org.springframework.web.filter.DelegatingFilterProxy.invokeDelegate(DelegatingFilterProxy.java:362)
	at org.springframework.web.filter.DelegatingFilterProxy.doFilter(DelegatingFilterProxy.java:278)
	at org.apache.catalina.core.ApplicationFilterChain.internalDoFilter(ApplicationFilterChain.java:164)
	at org.apache.catalina.core.ApplicationFilterChain.doFilter(ApplicationFilterChain.java:140)
	at org.springframework.web.filter.RequestContextFilter.doFilterInternal(RequestContextFilter.java:100)
	at org.springframework.web.filter.OncePerRequestFilter.doFilter(OncePerRequestFilter.java:116)
	at org.apache.catalina.core.ApplicationFilterChain.internalDoFilter(ApplicationFilterChain.java:164)
	at org.apache.catalina.core.ApplicationFilterChain.doFilter(ApplicationFilterChain.java:140)
	at org.springframework.web.filter.FormContentFilter.doFilterInternal(FormContentFilter.java:93)
	at org.springframework.web.filter.OncePerRequestFilter.doFilter(OncePerRequestFilter.java:116)
	at org.apache.catalina.core.ApplicationFilterChain.internalDoFilter(ApplicationFilterChain.java:164)
	at org.apache.catalina.core.ApplicationFilterChain.doFilter(ApplicationFilterChain.java:140)
	at org.springframework.web.filter.CharacterEncodingFilter.doFilterInternal(CharacterEncodingFilter.java:201)
	at org.springframework.web.filter.OncePerRequestFilter.doFilter(OncePerRequestFilter.java:116)
	at org.apache.catalina.core.ApplicationFilterChain.internalDoFilter(ApplicationFilterChain.java:164)
	at org.apache.catalina.core.ApplicationFilterChain.doFilter(ApplicationFilterChain.java:140)
	at org.apache.catalina.core.StandardWrapperValve.invoke(StandardWrapperValve.java:167)
	at org.apache.catalina.core.StandardContextValve.invoke(StandardContextValve.java:90)
	at org.apache.catalina.authenticator.AuthenticatorBase.invoke(AuthenticatorBase.java:483)
	at org.apache.catalina.core.StandardHostValve.invoke(StandardHostValve.java:116)
	at org.apache.catalina.valves.ErrorReportValve.invoke(ErrorReportValve.java:93)
	at org.apache.catalina.core.StandardEngineValve.invoke(StandardEngineValve.java:74)
	at org.apache.catalina.connector.CoyoteAdapter.service(CoyoteAdapter.java:344)
	at org.apache.coyote.http11.Http11Processor.service(Http11Processor.java:398)
	at org.apache.coyote.AbstractProcessorLight.process(AbstractProcessorLight.java:63)
	at org.apache.coyote.AbstractProtocol$ConnectionHandler.process(AbstractProtocol.java:903)
	at org.apache.tomcat.util.net.NioEndpoint$SocketProcessor.doRun(NioEndpoint.java:1776)
	at org.apache.tomcat.util.net.SocketProcessorBase.run(SocketProcessorBase.java:52)
	at org.apache.tomcat.util.threads.ThreadPoolExecutor.runWorker(ThreadPoolExecutor.java:975)
	at org.apache.tomcat.util.threads.ThreadPoolExecutor$Worker.run(ThreadPoolExecutor.java:493)
	at org.apache.tomcat.util.threads.TaskThread$WrappingRunnable.run(TaskThread.java:63)
	at java.base/java.lang.Thread.run(Thread.java:1583)
2025-11-05 15:04:22.967 [HikariPool-1:housekeeper] WARN  com.zaxxer.hikari.pool.HikariPool - HikariPool-1 - Thread starvation or clock leap detected (housekeeper delta=56m26s340ms).
2025-11-05 15:05:14.996 [lettuce-eventExecutorLoop-1-1] INFO  i.l.core.protocol.ConnectionWatchdog - Reconnecting, last destination was localhost/127.0.0.1:6379
2025-11-05 15:05:15.086 [lettuce-nioEventLoop-4-3] WARN  i.l.core.protocol.ConnectionWatchdog - Cannot reconnect to [localhost/<unresolved>:6379]: Connection refused: localhost/127.0.0.1:6379
2025-11-05 15:05:18.430 [HikariPool-1:housekeeper] WARN  com.zaxxer.hikari.pool.PoolBase - HikariPool-1 - Failed to validate connection org.postgresql.jdbc.PgConnection@1031eb2f (This connection has been closed.). Possibly consider using a shorter maxLifetime value.
2025-11-05 15:05:24.123 [lettuce-eventExecutorLoop-1-1] INFO  i.l.core.protocol.ConnectionWatchdog - Reconnecting, last destination was localhost/<unresolved>:6379
2025-11-05 15:05:24.124 [lettuce-nioEventLoop-4-3] WARN  i.l.core.protocol.ConnectionWatchdog - Cannot reconnect to [localhost/<unresolved>:6379]: Connection refused: localhost/127.0.0.1:6379
2025-11-05 15:05:24.208 [HikariPool-1:housekeeper] WARN  com.zaxxer.hikari.pool.PoolBase - HikariPool-1 - Failed to validate connection org.postgresql.jdbc.PgConnection@642c7602 (This connection has been closed.). Possibly consider using a shorter maxLifetime value.
2025-11-05 15:05:29.434 [HikariPool-1:housekeeper] WARN  com.zaxxer.hikari.pool.PoolBase - HikariPool-1 - Failed to validate connection org.postgresql.jdbc.PgConnection@2f3a8166 (This connection has been closed.). Possibly consider using a shorter maxLifetime value.
2025-11-05 15:05:32.327 [lettuce-eventExecutorLoop-1-3] INFO  i.l.core.protocol.ConnectionWatchdog - Reconnecting, last destination was localhost/<unresolved>:6379
2025-11-05 15:05:32.330 [lettuce-nioEventLoop-4-4] WARN  i.l.core.protocol.ConnectionWatchdog - Cannot reconnect to [localhost/<unresolved>:6379]: Connection refused: localhost/127.0.0.1:6379
2025-11-05 15:05:32.508 [HikariPool-1:housekeeper] WARN  com.zaxxer.hikari.pool.PoolBase - HikariPool-1 - Failed to validate connection org.postgresql.jdbc.PgConnection@4031e8d3 (This connection has been closed.). Possibly consider using a shorter maxLifetime value.
2025-11-05 15:05:48.721 [lettuce-eventExecutorLoop-1-5] INFO  i.l.core.protocol.ConnectionWatchdog - Reconnecting, last destination was localhost/<unresolved>:6379
2025-11-05 15:05:48.740 [lettuce-nioEventLoop-4-5] INFO  i.l.c.protocol.ReconnectionHandler - Reconnected to localhost/<unresolved>:6379
2025-11-05 15:06:10.144 [HikariPool-1:housekeeper] WARN  com.zaxxer.hikari.pool.PoolBase - HikariPool-1 - Failed to validate connection org.postgresql.jdbc.PgConnection@472a1ab1 (This connection has been closed.). Possibly consider using a shorter maxLifetime value.
2025-11-05 15:06:11.685 [SpringApplicationShutdownHook] INFO  n.d.b.g.s.s.GrpcServerLifecycle - Completed gRPC server shutdown
2025-11-05 15:06:11.691 [SpringApplicationShutdownHook] INFO  o.s.b.w.e.tomcat.GracefulShutdown - Commencing graceful shutdown. Waiting for active requests to complete
2025-11-05 15:06:11.705 [tomcat-shutdown] INFO  o.s.b.w.e.tomcat.GracefulShutdown - Graceful shutdown complete
2025-11-05 15:06:11.769 [SpringApplicationShutdownHook] INFO  o.s.o.j.LocalContainerEntityManagerFactoryBean - Closing JPA EntityManagerFactory for persistence unit 'default'
2025-11-05 15:06:11.785 [SpringApplicationShutdownHook] INFO  com.zaxxer.hikari.HikariDataSource - HikariPool-1 - Shutdown initiated...
2025-11-05 15:06:11.788 [SpringApplicationShutdownHook] INFO  com.zaxxer.hikari.HikariDataSource - HikariPool-1 - Shutdown completed.
2025-11-05 15:06:17.766 [main] INFO  s.authservice.AuthServiceApplication - Starting AuthServiceApplication using Java 21.0.8 with PID 88745 (/Users/jeong-yeongjin/Desktop/exProject/project/backend/auth-service/build/classes/java/main started by jeong-yeongjin in /Users/jeong-yeongjin/Desktop/exProject/project/backend/auth-service)
2025-11-05 15:06:17.768 [main] INFO  s.authservice.AuthServiceApplication - The following 1 profile is active: "local"
2025-11-05 15:06:18.652 [main] INFO  o.s.d.r.c.RepositoryConfigurationDelegate - Multiple Spring Data modules found, entering strict repository configuration mode
2025-11-05 15:06:18.654 [main] INFO  o.s.d.r.c.RepositoryConfigurationDelegate - Bootstrapping Spring Data JPA repositories in DEFAULT mode.
2025-11-05 15:06:18.826 [main] INFO  o.s.d.r.c.RepositoryConfigurationDelegate - Finished Spring Data repository scanning in 164 ms. Found 3 JPA repository interfaces.
2025-11-05 15:06:18.842 [main] INFO  o.s.d.r.c.RepositoryConfigurationDelegate - Multiple Spring Data modules found, entering strict repository configuration mode
2025-11-05 15:06:18.843 [main] INFO  o.s.d.r.c.RepositoryConfigurationDelegate - Bootstrapping Spring Data Redis repositories in DEFAULT mode.
2025-11-05 15:06:18.868 [main] INFO  o.s.d.r.c.RepositoryConfigurationExtensionSupport - Spring Data Redis - Could not safely identify store assignment for repository candidate interface spring.authservice.adapter.out.persistence.RefreshTokenSessionRepository; If you want this repository to be a Redis repository, consider annotating your entities with one of these annotations: org.springframework.data.redis.core.RedisHash (preferred), or consider extending one of the following types with your repository: org.springframework.data.keyvalue.repository.KeyValueRepository
2025-11-05 15:06:18.868 [main] INFO  o.s.d.r.c.RepositoryConfigurationExtensionSupport - Spring Data Redis - Could not safely identify store assignment for repository candidate interface spring.authservice.adapter.out.persistence.SecurityAuditLogRepository; If you want this repository to be a Redis repository, consider annotating your entities with one of these annotations: org.springframework.data.redis.core.RedisHash (preferred), or consider extending one of the following types with your repository: org.springframework.data.keyvalue.repository.KeyValueRepository
2025-11-05 15:06:18.869 [main] INFO  o.s.d.r.c.RepositoryConfigurationExtensionSupport - Spring Data Redis - Could not safely identify store assignment for repository candidate interface spring.authservice.adapter.out.persistence.UserRepository; If you want this repository to be a Redis repository, consider annotating your entities with one of these annotations: org.springframework.data.redis.core.RedisHash (preferred), or consider extending one of the following types with your repository: org.springframework.data.keyvalue.repository.KeyValueRepository
2025-11-05 15:06:18.869 [main] INFO  o.s.d.r.c.RepositoryConfigurationDelegate - Finished Spring Data repository scanning in 18 ms. Found 0 Redis repository interfaces.
2025-11-05 15:06:19.518 [main] INFO  o.s.b.w.e.tomcat.TomcatWebServer - Tomcat initialized with port 9001 (http)
2025-11-05 15:06:19.530 [main] INFO  o.a.coyote.http11.Http11NioProtocol - Initializing ProtocolHandler ["http-nio-9001"]
2025-11-05 15:06:19.531 [main] INFO  o.a.catalina.core.StandardService - Starting service [Tomcat]
2025-11-05 15:06:19.531 [main] INFO  o.a.catalina.core.StandardEngine - Starting Servlet engine: [Apache Tomcat/10.1.46]
2025-11-05 15:06:19.574 [main] INFO  o.a.c.c.C.[Tomcat].[localhost].[/] - Initializing Spring embedded WebApplicationContext
2025-11-05 15:06:19.574 [main] INFO  o.s.b.w.s.c.ServletWebServerApplicationContext - Root WebApplicationContext: initialization completed in 1752 ms
2025-11-05 15:06:20.167 [main] INFO  o.s.o.j.p.SpringPersistenceUnitInfo - No LoadTimeWeaver setup: ignoring JPA class transformer
2025-11-05 15:06:20.192 [main] INFO  com.zaxxer.hikari.HikariDataSource - HikariPool-1 - Starting...
2025-11-05 15:06:20.314 [main] INFO  com.zaxxer.hikari.pool.HikariPool - HikariPool-1 - Added connection org.postgresql.jdbc.PgConnection@7cd25bf5
2025-11-05 15:06:20.315 [main] INFO  com.zaxxer.hikari.HikariDataSource - HikariPool-1 - Start completed.
2025-11-05 15:06:20.341 [main] WARN  org.hibernate.orm.deprecation - HHH90000025: PostgreSQLDialect does not need to be specified explicitly using 'hibernate.dialect' (remove the property setting and it will be selected by default)
2025-11-05 15:06:21.171 [main] WARN  o.h.e.jdbc.spi.SqlExceptionHelper - SQL Warning Code: 0, SQLState: 00000
2025-11-05 15:06:21.172 [main] WARN  o.h.e.jdbc.spi.SqlExceptionHelper - constraint "uk6dotkott2kjsp8vw4d0m25fb7" of relation "users" does not exist, skipping
2025-11-05 15:06:21.176 [main] WARN  o.h.e.jdbc.spi.SqlExceptionHelper - SQL Warning Code: 0, SQLState: 00000
2025-11-05 15:06:21.176 [main] WARN  o.h.e.jdbc.spi.SqlExceptionHelper - constraint "ukg6t6xceecpep2b40vy35x1nve" of relation "users" does not exist, skipping
2025-11-05 15:06:21.180 [main] INFO  o.s.o.j.LocalContainerEntityManagerFactoryBean - Initialized JPA EntityManagerFactory for persistence unit 'default'
2025-11-05 15:06:21.774 [main] INFO  o.s.d.j.r.query.QueryEnhancerFactory - Hibernate is in classpath; If applicable, HQL parser will be used.
2025-11-05 15:06:22.812 [main] WARN  o.s.b.a.o.j.JpaBaseConfiguration$JpaWebConfiguration - spring.jpa.open-in-view is enabled by default. Therefore, database queries may be performed during view rendering. Explicitly configure spring.jpa.open-in-view to disable this warning
2025-11-05 15:06:23.386 [main] INFO  o.s.v.b.OptionalValidatorFactoryBean - Failed to set up a Bean Validation provider: jakarta.validation.NoProviderFoundException: Unable to create a Configuration, because no Jakarta Bean Validation provider could be found. Add a provider like Hibernate Validator (RI) to your classpath.
2025-11-05 15:06:23.650 [main] INFO  n.d.b.g.s.a.GrpcServerFactoryAutoConfiguration - Detected grpc-netty-shaded: Creating ShadedNettyGrpcServerFactory
2025-11-05 15:06:24.430 [main] INFO  o.a.coyote.http11.Http11NioProtocol - Starting ProtocolHandler ["http-nio-9001"]
2025-11-05 15:06:24.447 [main] INFO  o.s.b.w.e.tomcat.TomcatWebServer - Tomcat started on port 9001 (http) with context path '/'
2025-11-05 15:06:24.547 [main] INFO  n.d.b.g.s.s.AbstractGrpcServerFactory - Registered gRPC service: spring.authservice.grpc.TokenService, bean: tokenServiceGrpcImpl, class: spring.authservice.adapter.in.grpc.TokenServiceGrpcImpl
2025-11-05 15:06:24.547 [main] INFO  n.d.b.g.s.s.AbstractGrpcServerFactory - Registered gRPC service: spring.authservice.grpc.UserInfoService, bean: userInfoGrpcServiceImpl, class: spring.authservice.adapter.in.grpc.UserInfoGrpcServiceImpl
2025-11-05 15:06:24.547 [main] INFO  n.d.b.g.s.s.AbstractGrpcServerFactory - Registered gRPC service: grpc.health.v1.Health, bean: grpcHealthService, class: io.grpc.protobuf.services.HealthServiceImpl
2025-11-05 15:06:24.547 [main] INFO  n.d.b.g.s.s.AbstractGrpcServerFactory - Registered gRPC service: grpc.reflection.v1alpha.ServerReflection, bean: protoReflectionService, class: io.grpc.protobuf.services.ProtoReflectionService
2025-11-05 15:06:24.662 [main] INFO  n.d.b.g.s.s.GrpcServerLifecycle - gRPC Server started, listening on address: *, port: 9090
2025-11-05 15:06:24.680 [main] INFO  s.authservice.AuthServiceApplication - Started AuthServiceApplication in 7.456 seconds (process running for 8.249)
2025-11-05 15:06:33.779 [SpringApplicationShutdownHook] INFO  n.d.b.g.s.s.GrpcServerLifecycle - Completed gRPC server shutdown
2025-11-05 15:06:33.780 [SpringApplicationShutdownHook] INFO  o.s.b.w.e.tomcat.GracefulShutdown - Commencing graceful shutdown. Waiting for active requests to complete
2025-11-05 15:06:33.783 [tomcat-shutdown] INFO  o.s.b.w.e.tomcat.GracefulShutdown - Graceful shutdown complete
2025-11-05 15:06:33.801 [SpringApplicationShutdownHook] INFO  o.s.o.j.LocalContainerEntityManagerFactoryBean - Closing JPA EntityManagerFactory for persistence unit 'default'
2025-11-05 15:06:33.803 [SpringApplicationShutdownHook] INFO  com.zaxxer.hikari.HikariDataSource - HikariPool-1 - Shutdown initiated...
2025-11-05 15:06:33.805 [SpringApplicationShutdownHook] INFO  com.zaxxer.hikari.HikariDataSource - HikariPool-1 - Shutdown completed.
2025-11-05 15:06:37.061 [main] INFO  s.authservice.AuthServiceApplication - Starting AuthServiceApplication using Java 21.0.8 with PID 88962 (/Users/jeong-yeongjin/Desktop/exProject/project/backend/auth-service/build/classes/java/main started by jeong-yeongjin in /Users/jeong-yeongjin/Desktop/exProject/project/backend/auth-service)
2025-11-05 15:06:37.063 [main] INFO  s.authservice.AuthServiceApplication - The following 1 profile is active: "local"
2025-11-05 15:06:37.916 [main] INFO  o.s.d.r.c.RepositoryConfigurationDelegate - Multiple Spring Data modules found, entering strict repository configuration mode
2025-11-05 15:06:37.917 [main] INFO  o.s.d.r.c.RepositoryConfigurationDelegate - Bootstrapping Spring Data JPA repositories in DEFAULT mode.
2025-11-05 15:06:38.073 [main] INFO  o.s.d.r.c.RepositoryConfigurationDelegate - Finished Spring Data repository scanning in 148 ms. Found 3 JPA repository interfaces.
2025-11-05 15:06:38.088 [main] INFO  o.s.d.r.c.RepositoryConfigurationDelegate - Multiple Spring Data modules found, entering strict repository configuration mode
2025-11-05 15:06:38.089 [main] INFO  o.s.d.r.c.RepositoryConfigurationDelegate - Bootstrapping Spring Data Redis repositories in DEFAULT mode.
2025-11-05 15:06:38.111 [main] INFO  o.s.d.r.c.RepositoryConfigurationExtensionSupport - Spring Data Redis - Could not safely identify store assignment for repository candidate interface spring.authservice.adapter.out.persistence.RefreshTokenSessionRepository; If you want this repository to be a Redis repository, consider annotating your entities with one of these annotations: org.springframework.data.redis.core.RedisHash (preferred), or consider extending one of the following types with your repository: org.springframework.data.keyvalue.repository.KeyValueRepository
2025-11-05 15:06:38.112 [main] INFO  o.s.d.r.c.RepositoryConfigurationExtensionSupport - Spring Data Redis - Could not safely identify store assignment for repository candidate interface spring.authservice.adapter.out.persistence.SecurityAuditLogRepository; If you want this repository to be a Redis repository, consider annotating your entities with one of these annotations: org.springframework.data.redis.core.RedisHash (preferred), or consider extending one of the following types with your repository: org.springframework.data.keyvalue.repository.KeyValueRepository
2025-11-05 15:06:38.112 [main] INFO  o.s.d.r.c.RepositoryConfigurationExtensionSupport - Spring Data Redis - Could not safely identify store assignment for repository candidate interface spring.authservice.adapter.out.persistence.UserRepository; If you want this repository to be a Redis repository, consider annotating your entities with one of these annotations: org.springframework.data.redis.core.RedisHash (preferred), or consider extending one of the following types with your repository: org.springframework.data.keyvalue.repository.KeyValueRepository
2025-11-05 15:06:38.112 [main] INFO  o.s.d.r.c.RepositoryConfigurationDelegate - Finished Spring Data repository scanning in 15 ms. Found 0 Redis repository interfaces.
2025-11-05 15:06:38.680 [main] INFO  o.s.b.w.e.tomcat.TomcatWebServer - Tomcat initialized with port 9001 (http)
2025-11-05 15:06:38.691 [main] INFO  o.a.coyote.http11.Http11NioProtocol - Initializing ProtocolHandler ["http-nio-9001"]
2025-11-05 15:06:38.692 [main] INFO  o.a.catalina.core.StandardService - Starting service [Tomcat]
2025-11-05 15:06:38.692 [main] INFO  o.a.catalina.core.StandardEngine - Starting Servlet engine: [Apache Tomcat/10.1.46]
2025-11-05 15:06:38.731 [main] INFO  o.a.c.c.C.[Tomcat].[localhost].[/] - Initializing Spring embedded WebApplicationContext
2025-11-05 15:06:38.731 [main] INFO  o.s.b.w.s.c.ServletWebServerApplicationContext - Root WebApplicationContext: initialization completed in 1635 ms
2025-11-05 15:06:39.318 [main] INFO  o.s.o.j.p.SpringPersistenceUnitInfo - No LoadTimeWeaver setup: ignoring JPA class transformer
2025-11-05 15:06:39.353 [main] INFO  com.zaxxer.hikari.HikariDataSource - HikariPool-1 - Starting...
2025-11-05 15:06:39.474 [main] INFO  com.zaxxer.hikari.pool.HikariPool - HikariPool-1 - Added connection org.postgresql.jdbc.PgConnection@6949cead
2025-11-05 15:06:39.475 [main] INFO  com.zaxxer.hikari.HikariDataSource - HikariPool-1 - Start completed.
2025-11-05 15:06:39.502 [main] WARN  org.hibernate.orm.deprecation - HHH90000025: PostgreSQLDialect does not need to be specified explicitly using 'hibernate.dialect' (remove the property setting and it will be selected by default)
2025-11-05 15:06:40.441 [main] INFO  o.s.o.j.LocalContainerEntityManagerFactoryBean - Initialized JPA EntityManagerFactory for persistence unit 'default'
2025-11-05 15:06:41.007 [main] INFO  o.s.d.j.r.query.QueryEnhancerFactory - Hibernate is in classpath; If applicable, HQL parser will be used.
2025-11-05 15:06:42.154 [main] WARN  o.s.b.a.o.j.JpaBaseConfiguration$JpaWebConfiguration - spring.jpa.open-in-view is enabled by default. Therefore, database queries may be performed during view rendering. Explicitly configure spring.jpa.open-in-view to disable this warning
2025-11-05 15:06:42.425 [main] INFO  o.s.v.b.OptionalValidatorFactoryBean - Failed to set up a Bean Validation provider: jakarta.validation.NoProviderFoundException: Unable to create a Configuration, because no Jakarta Bean Validation provider could be found. Add a provider like Hibernate Validator (RI) to your classpath.
2025-11-05 15:06:42.535 [main] INFO  n.d.b.g.s.a.GrpcServerFactoryAutoConfiguration - Detected grpc-netty-shaded: Creating ShadedNettyGrpcServerFactory
2025-11-05 15:06:42.834 [main] INFO  o.a.coyote.http11.Http11NioProtocol - Starting ProtocolHandler ["http-nio-9001"]
2025-11-05 15:06:42.848 [main] INFO  o.s.b.w.e.tomcat.TomcatWebServer - Tomcat started on port 9001 (http) with context path '/'
2025-11-05 15:06:42.949 [main] INFO  n.d.b.g.s.s.AbstractGrpcServerFactory - Registered gRPC service: spring.authservice.grpc.TokenService, bean: tokenServiceGrpcImpl, class: spring.authservice.adapter.in.grpc.TokenServiceGrpcImpl
2025-11-05 15:06:42.950 [main] INFO  n.d.b.g.s.s.AbstractGrpcServerFactory - Registered gRPC service: spring.authservice.grpc.UserInfoService, bean: userInfoGrpcServiceImpl, class: spring.authservice.adapter.in.grpc.UserInfoGrpcServiceImpl
2025-11-05 15:06:42.950 [main] INFO  n.d.b.g.s.s.AbstractGrpcServerFactory - Registered gRPC service: grpc.health.v1.Health, bean: grpcHealthService, class: io.grpc.protobuf.services.HealthServiceImpl
2025-11-05 15:06:42.950 [main] INFO  n.d.b.g.s.s.AbstractGrpcServerFactory - Registered gRPC service: grpc.reflection.v1alpha.ServerReflection, bean: protoReflectionService, class: io.grpc.protobuf.services.ProtoReflectionService
2025-11-05 15:06:43.058 [main] INFO  n.d.b.g.s.s.GrpcServerLifecycle - gRPC Server started, listening on address: *, port: 9090
2025-11-05 15:06:43.073 [main] INFO  s.authservice.AuthServiceApplication - Started AuthServiceApplication in 6.522 seconds (process running for 7.117)
2025-11-05 15:07:05.703 [http-nio-9001-exec-1] INFO  o.a.c.c.C.[Tomcat].[localhost].[/] - Initializing Spring DispatcherServlet 'dispatcherServlet'
2025-11-05 15:07:05.705 [http-nio-9001-exec-1] INFO  o.s.web.servlet.DispatcherServlet - Initializing Servlet 'dispatcherServlet'
2025-11-05 15:07:05.708 [http-nio-9001-exec-1] INFO  o.s.web.servlet.DispatcherServlet - Completed initialization in 2 ms
2025-11-05 15:07:06.316 [http-nio-9001-exec-1] INFO  s.a.application.service.EmailService - 양방향 참조 Redis 저장 완료 - email: yjincode@gmail.com, token: 095741211260443495904ca165204c2a, code: 986061
2025-11-05 15:07:10.929 [http-nio-9001-exec-1] INFO  s.a.application.service.EmailService - 이메일 인증 발송 성공: yjincode@gmail.com
2025-11-05 15:07:10.999 [http-nio-9001-exec-2] INFO  s.a.a.i.w.EmailVerificationSseController - SSE 인증 대기 요청: yjincode@gmail.com
2025-11-05 15:07:11.000 [http-nio-9001-exec-2] INFO  s.a.a.s.EmailVerificationSseService - SSE 연결 생성: yjincode@gmail.com
2025-11-05 15:07:28.797 [http-nio-9001-exec-3] WARN  s.a.application.service.EmailService - 인증코드가 만료되거나 존재하지 않음: null
2025-11-05 15:07:47.568 [http-nio-9001-exec-4] WARN  s.a.application.service.EmailService - 인증코드가 만료되거나 존재하지 않음: null
2025-11-05 15:12:11.861 [http-nio-9001-exec-5] WARN  s.a.a.s.EmailVerificationSseService - SSE 연결 타임아웃: yjincode@gmail.com
2025-11-05 15:12:11.882 [http-nio-9001-exec-5] WARN  o.s.w.s.m.s.DefaultHandlerExceptionResolver - Ignoring exception, response committed already: org.springframework.web.context.request.async.AsyncRequestTimeoutException
2025-11-05 15:12:11.883 [http-nio-9001-exec-5] WARN  o.s.w.s.m.s.DefaultHandlerExceptionResolver - Resolved [org.springframework.web.context.request.async.AsyncRequestTimeoutException]
2025-11-05 15:12:11.883 [http-nio-9001-exec-5] INFO  s.a.a.s.EmailVerificationSseService - SSE 연결 정상 종료: yjincode@gmail.com
2025-11-05 15:12:15.069 [http-nio-9001-exec-6] INFO  s.a.a.i.w.EmailVerificationSseController - SSE 인증 대기 요청: yjincode@gmail.com
2025-11-05 15:12:15.069 [http-nio-9001-exec-6] INFO  s.a.a.s.EmailVerificationSseService - SSE 연결 생성: yjincode@gmail.com
2025-11-05 15:12:25.897 [http-nio-9001-exec-7] INFO  s.a.application.service.EmailService - 양방향 참조 Redis 저장 완료 - email: yjincode@gmail.com, token: 993acfa5edcd49fb892592227a3eff57, code: 964368
2025-11-05 15:12:30.133 [http-nio-9001-exec-7] INFO  s.a.application.service.EmailService - 이메일 인증 발송 성공: yjincode@gmail.com
2025-11-05 15:12:30.151 [http-nio-9001-exec-8] INFO  s.a.a.i.w.EmailVerificationSseController - SSE 인증 대기 요청: yjincode@gmail.com
2025-11-05 15:12:30.151 [http-nio-9001-exec-8] INFO  s.a.a.s.EmailVerificationSseService - SSE 연결 생성: yjincode@gmail.com
2025-11-05 15:17:15.866 [http-nio-9001-exec-10] WARN  s.a.a.s.EmailVerificationSseService - SSE 연결 타임아웃: yjincode@gmail.com
2025-11-05 15:17:15.869 [http-nio-9001-exec-10] WARN  o.s.w.s.m.s.DefaultHandlerExceptionResolver - Ignoring exception, response committed already: org.springframework.web.context.request.async.AsyncRequestTimeoutException
2025-11-05 15:17:15.870 [http-nio-9001-exec-10] WARN  o.s.w.s.m.s.DefaultHandlerExceptionResolver - Resolved [org.springframework.web.context.request.async.AsyncRequestTimeoutException]
2025-11-05 15:17:15.870 [http-nio-9001-exec-10] INFO  s.a.a.s.EmailVerificationSseService - SSE 연결 정상 종료: yjincode@gmail.com
2025-11-05 15:17:30.868 [http-nio-9001-exec-1] WARN  s.a.a.s.EmailVerificationSseService - SSE 연결 타임아웃: yjincode@gmail.com
2025-11-05 15:17:30.870 [http-nio-9001-exec-1] WARN  o.s.w.s.m.s.DefaultHandlerExceptionResolver - Ignoring exception, response committed already: org.springframework.web.context.request.async.AsyncRequestTimeoutException
2025-11-05 15:17:30.870 [http-nio-9001-exec-1] WARN  o.s.w.s.m.s.DefaultHandlerExceptionResolver - Resolved [org.springframework.web.context.request.async.AsyncRequestTimeoutException]
2025-11-05 15:17:30.870 [http-nio-9001-exec-1] INFO  s.a.a.s.EmailVerificationSseService - SSE 연결 정상 종료: yjincode@gmail.com
2025-11-05 15:17:32.590 [http-nio-9001-exec-2] INFO  s.a.a.i.w.EmailVerificationSseController - SSE 인증 대기 요청: yjincode@gmail.com
2025-11-05 15:17:32.592 [http-nio-9001-exec-2] INFO  s.a.a.s.EmailVerificationSseService - SSE 연결 생성: yjincode@gmail.com
2025-11-05 15:17:38.662 [http-nio-9001-exec-3] INFO  s.a.application.service.EmailService - 양방향 참조 Redis 저장 완료 - email: yjincode@gmail.com, token: 6520d1e9f91e45e3bced5b65535c4aad, code: 007819
2025-11-05 15:17:42.081 [http-nio-9001-exec-3] INFO  s.a.application.service.EmailService - 이메일 인증 발송 성공: yjincode@gmail.com
2025-11-05 15:17:42.100 [http-nio-9001-exec-4] INFO  s.a.a.i.w.EmailVerificationSseController - SSE 인증 대기 요청: yjincode@gmail.com
2025-11-05 15:17:42.100 [http-nio-9001-exec-4] INFO  s.a.a.s.EmailVerificationSseService - SSE 연결 생성: yjincode@gmail.com
2025-11-05 15:17:53.820 [http-nio-9001-exec-5] WARN  s.a.application.service.EmailService - 인증코드가 만료되거나 존재하지 않음: null
2025-11-05 15:20:19.198 [SpringApplicationShutdownHook] INFO  n.d.b.g.s.s.GrpcServerLifecycle - Completed gRPC server shutdown
2025-11-05 15:20:19.200 [SpringApplicationShutdownHook] INFO  o.s.b.w.e.tomcat.GracefulShutdown - Commencing graceful shutdown. Waiting for active requests to complete
2025-11-05 15:20:49.213 [SpringApplicationShutdownHook] INFO  o.s.c.s.DefaultLifecycleProcessor - Shutdown phase 2147482623 ends with 1 bean still running after timeout of 30000ms: [webServerGracefulShutdown]
2025-11-05 15:20:49.233 [tomcat-shutdown] INFO  o.s.b.w.e.tomcat.GracefulShutdown - Graceful shutdown aborted with one or more requests still active
2025-11-05 15:20:49.249 [SpringApplicationShutdownHook] INFO  o.s.o.j.LocalContainerEntityManagerFactoryBean - Closing JPA EntityManagerFactory for persistence unit 'default'
2025-11-05 15:20:49.256 [SpringApplicationShutdownHook] INFO  com.zaxxer.hikari.HikariDataSource - HikariPool-1 - Shutdown initiated...
2025-11-05 15:20:49.260 [SpringApplicationShutdownHook] INFO  com.zaxxer.hikari.HikariDataSource - HikariPool-1 - Shutdown completed.
2025-11-05 15:20:58.881 [main] INFO  s.authservice.AuthServiceApplication - Starting AuthServiceApplication using Java 21.0.8 with PID 97842 (/Users/jeong-yeongjin/Desktop/exProject/project/backend/auth-service/build/classes/java/main started by jeong-yeongjin in /Users/jeong-yeongjin/Desktop/exProject/project/backend/auth-service)
2025-11-05 15:20:58.884 [main] INFO  s.authservice.AuthServiceApplication - The following 1 profile is active: "local"
2025-11-05 15:21:00.048 [main] INFO  o.s.d.r.c.RepositoryConfigurationDelegate - Multiple Spring Data modules found, entering strict repository configuration mode
2025-11-05 15:21:00.050 [main] INFO  o.s.d.r.c.RepositoryConfigurationDelegate - Bootstrapping Spring Data JPA repositories in DEFAULT mode.
2025-11-05 15:21:00.250 [main] INFO  o.s.d.r.c.RepositoryConfigurationDelegate - Finished Spring Data repository scanning in 188 ms. Found 3 JPA repository interfaces.
2025-11-05 15:21:00.268 [main] INFO  o.s.d.r.c.RepositoryConfigurationDelegate - Multiple Spring Data modules found, entering strict repository configuration mode
2025-11-05 15:21:00.269 [main] INFO  o.s.d.r.c.RepositoryConfigurationDelegate - Bootstrapping Spring Data Redis repositories in DEFAULT mode.
2025-11-05 15:21:00.289 [main] INFO  o.s.d.r.c.RepositoryConfigurationExtensionSupport - Spring Data Redis - Could not safely identify store assignment for repository candidate interface spring.authservice.adapter.out.persistence.RefreshTokenSessionRepository; If you want this repository to be a Redis repository, consider annotating your entities with one of these annotations: org.springframework.data.redis.core.RedisHash (preferred), or consider extending one of the following types with your repository: org.springframework.data.keyvalue.repository.KeyValueRepository
2025-11-05 15:21:00.289 [main] INFO  o.s.d.r.c.RepositoryConfigurationExtensionSupport - Spring Data Redis - Could not safely identify store assignment for repository candidate interface spring.authservice.adapter.out.persistence.SecurityAuditLogRepository; If you want this repository to be a Redis repository, consider annotating your entities with one of these annotations: org.springframework.data.redis.core.RedisHash (preferred), or consider extending one of the following types with your repository: org.springframework.data.keyvalue.repository.KeyValueRepository
2025-11-05 15:21:00.289 [main] INFO  o.s.d.r.c.RepositoryConfigurationExtensionSupport - Spring Data Redis - Could not safely identify store assignment for repository candidate interface spring.authservice.adapter.out.persistence.UserRepository; If you want this repository to be a Redis repository, consider annotating your entities with one of these annotations: org.springframework.data.redis.core.RedisHash (preferred), or consider extending one of the following types with your repository: org.springframework.data.keyvalue.repository.KeyValueRepository
2025-11-05 15:21:00.289 [main] INFO  o.s.d.r.c.RepositoryConfigurationDelegate - Finished Spring Data repository scanning in 10 ms. Found 0 Redis repository interfaces.
2025-11-05 15:21:00.910 [main] INFO  o.s.b.w.e.tomcat.TomcatWebServer - Tomcat initialized with port 9001 (http)
2025-11-05 15:21:00.921 [main] INFO  o.a.coyote.http11.Http11NioProtocol - Initializing ProtocolHandler ["http-nio-9001"]
2025-11-05 15:21:00.922 [main] INFO  o.a.catalina.core.StandardService - Starting service [Tomcat]
2025-11-05 15:21:00.922 [main] INFO  o.a.catalina.core.StandardEngine - Starting Servlet engine: [Apache Tomcat/10.1.46]
2025-11-05 15:21:00.962 [main] INFO  o.a.c.c.C.[Tomcat].[localhost].[/] - Initializing Spring embedded WebApplicationContext
2025-11-05 15:21:00.962 [main] INFO  o.s.b.w.s.c.ServletWebServerApplicationContext - Root WebApplicationContext: initialization completed in 1995 ms
2025-11-05 15:21:01.492 [main] INFO  o.s.o.j.p.SpringPersistenceUnitInfo - No LoadTimeWeaver setup: ignoring JPA class transformer
2025-11-05 15:21:01.532 [main] INFO  com.zaxxer.hikari.HikariDataSource - HikariPool-1 - Starting...
2025-11-05 15:21:01.678 [main] INFO  com.zaxxer.hikari.pool.HikariPool - HikariPool-1 - Added connection org.postgresql.jdbc.PgConnection@e2f6e13
2025-11-05 15:21:01.680 [main] INFO  com.zaxxer.hikari.HikariDataSource - HikariPool-1 - Start completed.
2025-11-05 15:21:01.716 [main] WARN  org.hibernate.orm.deprecation - HHH90000025: PostgreSQLDialect does not need to be specified explicitly using 'hibernate.dialect' (remove the property setting and it will be selected by default)
2025-11-05 15:21:02.536 [main] INFO  o.s.o.j.LocalContainerEntityManagerFactoryBean - Initialized JPA EntityManagerFactory for persistence unit 'default'
2025-11-05 15:21:03.147 [main] INFO  o.s.d.j.r.query.QueryEnhancerFactory - Hibernate is in classpath; If applicable, HQL parser will be used.
2025-11-05 15:21:04.158 [main] WARN  o.s.b.a.o.j.JpaBaseConfiguration$JpaWebConfiguration - spring.jpa.open-in-view is enabled by default. Therefore, database queries may be performed during view rendering. Explicitly configure spring.jpa.open-in-view to disable this warning
2025-11-05 15:21:04.455 [main] INFO  o.s.v.b.OptionalValidatorFactoryBean - Failed to set up a Bean Validation provider: jakarta.validation.NoProviderFoundException: Unable to create a Configuration, because no Jakarta Bean Validation provider could be found. Add a provider like Hibernate Validator (RI) to your classpath.
2025-11-05 15:21:04.556 [main] INFO  n.d.b.g.s.a.GrpcServerFactoryAutoConfiguration - Detected grpc-netty-shaded: Creating ShadedNettyGrpcServerFactory
2025-11-05 15:21:04.847 [main] INFO  o.a.coyote.http11.Http11NioProtocol - Starting ProtocolHandler ["http-nio-9001"]
2025-11-05 15:21:04.858 [main] INFO  o.s.b.w.e.tomcat.TomcatWebServer - Tomcat started on port 9001 (http) with context path '/'
2025-11-05 15:21:04.941 [main] INFO  n.d.b.g.s.s.AbstractGrpcServerFactory - Registered gRPC service: spring.authservice.grpc.TokenService, bean: tokenServiceGrpcImpl, class: spring.authservice.adapter.in.grpc.TokenServiceGrpcImpl
2025-11-05 15:21:04.942 [main] INFO  n.d.b.g.s.s.AbstractGrpcServerFactory - Registered gRPC service: spring.authservice.grpc.UserInfoService, bean: userInfoGrpcServiceImpl, class: spring.authservice.adapter.in.grpc.UserInfoGrpcServiceImpl
2025-11-05 15:21:04.942 [main] INFO  n.d.b.g.s.s.AbstractGrpcServerFactory - Registered gRPC service: grpc.health.v1.Health, bean: grpcHealthService, class: io.grpc.protobuf.services.HealthServiceImpl
2025-11-05 15:21:04.942 [main] INFO  n.d.b.g.s.s.AbstractGrpcServerFactory - Registered gRPC service: grpc.reflection.v1alpha.ServerReflection, bean: protoReflectionService, class: io.grpc.protobuf.services.ProtoReflectionService
2025-11-05 15:21:05.042 [main] INFO  n.d.b.g.s.s.GrpcServerLifecycle - gRPC Server started, listening on address: *, port: 9090
2025-11-05 15:21:05.052 [main] INFO  s.authservice.AuthServiceApplication - Started AuthServiceApplication in 7.324 seconds (process running for 8.445)
2025-11-05 15:21:41.704 [http-nio-9001-exec-1] INFO  o.a.c.c.C.[Tomcat].[localhost].[/] - Initializing Spring DispatcherServlet 'dispatcherServlet'
2025-11-05 15:21:41.705 [http-nio-9001-exec-1] INFO  o.s.web.servlet.DispatcherServlet - Initializing Servlet 'dispatcherServlet'
2025-11-05 15:21:41.706 [http-nio-9001-exec-1] INFO  o.s.web.servlet.DispatcherServlet - Completed initialization in 1 ms
2025-11-05 15:21:42.212 [http-nio-9001-exec-1] WARN  s.a.application.service.EmailService - 인증코드가 만료되거나 존재하지 않음: null
2025-11-05 15:24:43.890 [http-nio-9001-exec-2] INFO  s.a.a.i.w.EmailVerificationSseController - SSE 인증 대기 요청: yjincode@gmail.com
2025-11-05 15:24:43.894 [http-nio-9001-exec-2] INFO  s.a.a.s.EmailVerificationSseService - SSE 연결 생성: yjincode@gmail.com
2025-11-05 15:24:57.579 [http-nio-9001-exec-3] INFO  s.a.a.i.w.EmailVerificationSseController - SSE 인증 대기 요청: yjincode@gmail.com
2025-11-05 15:24:57.580 [http-nio-9001-exec-3] INFO  s.a.a.s.EmailVerificationSseService - SSE 연결 생성: yjincode@gmail.com
2025-11-05 15:26:29.911 [http-nio-9001-exec-4] INFO  s.a.application.service.EmailService - 양방향 참조 Redis 저장 완료 - email: yjincode@gmail.com, token: 5e4be02ee3bc4eb6be5c4677bbef995c, code: 151351
2025-11-05 15:26:34.357 [http-nio-9001-exec-4] INFO  s.a.application.service.EmailService - 이메일 인증 발송 성공: yjincode@gmail.com
2025-11-05 15:26:34.396 [http-nio-9001-exec-5] INFO  s.a.a.i.w.EmailVerificationSseController - SSE 인증 대기 요청: yjincode@gmail.com
2025-11-05 15:26:34.396 [http-nio-9001-exec-5] INFO  s.a.a.s.EmailVerificationSseService - SSE 연결 생성: yjincode@gmail.com
2025-11-05 15:26:42.832 [http-nio-9001-exec-6] WARN  s.a.application.service.EmailService - 인증코드가 만료되거나 존재하지 않음: null
2025-11-05 15:29:44.878 [http-nio-9001-exec-7] WARN  s.a.a.s.EmailVerificationSseService - SSE 연결 타임아웃: yjincode@gmail.com
2025-11-05 15:29:44.892 [http-nio-9001-exec-7] WARN  o.s.w.s.m.s.DefaultHandlerExceptionResolver - Ignoring exception, response committed already: org.springframework.web.context.request.async.AsyncRequestTimeoutException
2025-11-05 15:29:44.893 [http-nio-9001-exec-7] WARN  o.s.w.s.m.s.DefaultHandlerExceptionResolver - Resolved [org.springframework.web.context.request.async.AsyncRequestTimeoutException]
2025-11-05 15:29:44.893 [http-nio-9001-exec-7] INFO  s.a.a.s.EmailVerificationSseService - SSE 연결 정상 종료: yjincode@gmail.com
2025-11-05 15:29:57.876 [http-nio-9001-exec-8] WARN  s.a.a.s.EmailVerificationSseService - SSE 연결 타임아웃: yjincode@gmail.com
2025-11-05 15:29:57.878 [http-nio-9001-exec-8] WARN  o.s.w.s.m.s.DefaultHandlerExceptionResolver - Ignoring exception, response committed already: org.springframework.web.context.request.async.AsyncRequestTimeoutException
2025-11-05 15:29:57.878 [http-nio-9001-exec-8] WARN  o.s.w.s.m.s.DefaultHandlerExceptionResolver - Resolved [org.springframework.web.context.request.async.AsyncRequestTimeoutException]
2025-11-05 15:29:57.878 [http-nio-9001-exec-8] INFO  s.a.a.s.EmailVerificationSseService - SSE 연결 정상 종료: yjincode@gmail.com
2025-11-05 15:30:23.866 [SpringApplicationShutdownHook] INFO  n.d.b.g.s.s.GrpcServerLifecycle - Completed gRPC server shutdown
2025-11-05 15:30:23.867 [SpringApplicationShutdownHook] INFO  o.s.b.w.e.tomcat.GracefulShutdown - Commencing graceful shutdown. Waiting for active requests to complete
2025-11-05 15:30:53.874 [SpringApplicationShutdownHook] INFO  o.s.c.s.DefaultLifecycleProcessor - Shutdown phase 2147482623 ends with 1 bean still running after timeout of 30000ms: [webServerGracefulShutdown]
2025-11-05 15:30:53.887 [tomcat-shutdown] INFO  o.s.b.w.e.tomcat.GracefulShutdown - Graceful shutdown aborted with one or more requests still active
2025-11-05 15:30:53.893 [SpringApplicationShutdownHook] INFO  o.s.o.j.LocalContainerEntityManagerFactoryBean - Closing JPA EntityManagerFactory for persistence unit 'default'
2025-11-05 15:30:53.896 [SpringApplicationShutdownHook] INFO  com.zaxxer.hikari.HikariDataSource - HikariPool-1 - Shutdown initiated...
2025-11-05 15:30:53.899 [SpringApplicationShutdownHook] INFO  com.zaxxer.hikari.HikariDataSource - HikariPool-1 - Shutdown completed.
2025-11-05 15:31:01.211 [main] INFO  s.authservice.AuthServiceApplication - Starting AuthServiceApplication using Java 21.0.8 with PID 4790 (/Users/jeong-yeongjin/Desktop/exProject/project/backend/auth-service/build/classes/java/main started by jeong-yeongjin in /Users/jeong-yeongjin/Desktop/exProject/project/backend/auth-service)
2025-11-05 15:31:01.213 [main] INFO  s.authservice.AuthServiceApplication - The following 1 profile is active: "local"
2025-11-05 15:31:02.214 [main] INFO  o.s.d.r.c.RepositoryConfigurationDelegate - Multiple Spring Data modules found, entering strict repository configuration mode
2025-11-05 15:31:02.215 [main] INFO  o.s.d.r.c.RepositoryConfigurationDelegate - Bootstrapping Spring Data JPA repositories in DEFAULT mode.
2025-11-05 15:31:02.452 [main] INFO  o.s.d.r.c.RepositoryConfigurationDelegate - Finished Spring Data repository scanning in 228 ms. Found 3 JPA repository interfaces.
2025-11-05 15:31:02.477 [main] INFO  o.s.d.r.c.RepositoryConfigurationDelegate - Multiple Spring Data modules found, entering strict repository configuration mode
2025-11-05 15:31:02.478 [main] INFO  o.s.d.r.c.RepositoryConfigurationDelegate - Bootstrapping Spring Data Redis repositories in DEFAULT mode.
2025-11-05 15:31:02.508 [main] INFO  o.s.d.r.c.RepositoryConfigurationExtensionSupport - Spring Data Redis - Could not safely identify store assignment for repository candidate interface spring.authservice.adapter.out.persistence.RefreshTokenSessionRepository; If you want this repository to be a Redis repository, consider annotating your entities with one of these annotations: org.springframework.data.redis.core.RedisHash (preferred), or consider extending one of the following types with your repository: org.springframework.data.keyvalue.repository.KeyValueRepository
2025-11-05 15:31:02.508 [main] INFO  o.s.d.r.c.RepositoryConfigurationExtensionSupport - Spring Data Redis - Could not safely identify store assignment for repository candidate interface spring.authservice.adapter.out.persistence.SecurityAuditLogRepository; If you want this repository to be a Redis repository, consider annotating your entities with one of these annotations: org.springframework.data.redis.core.RedisHash (preferred), or consider extending one of the following types with your repository: org.springframework.data.keyvalue.repository.KeyValueRepository
2025-11-05 15:31:02.508 [main] INFO  o.s.d.r.c.RepositoryConfigurationExtensionSupport - Spring Data Redis - Could not safely identify store assignment for repository candidate interface spring.authservice.adapter.out.persistence.UserRepository; If you want this repository to be a Redis repository, consider annotating your entities with one of these annotations: org.springframework.data.redis.core.RedisHash (preferred), or consider extending one of the following types with your repository: org.springframework.data.keyvalue.repository.KeyValueRepository
2025-11-05 15:31:02.508 [main] INFO  o.s.d.r.c.RepositoryConfigurationDelegate - Finished Spring Data repository scanning in 18 ms. Found 0 Redis repository interfaces.
2025-11-05 15:31:03.023 [main] INFO  o.s.b.w.e.tomcat.TomcatWebServer - Tomcat initialized with port 9001 (http)
2025-11-05 15:31:03.035 [main] INFO  o.a.coyote.http11.Http11NioProtocol - Initializing ProtocolHandler ["http-nio-9001"]
2025-11-05 15:31:03.036 [main] INFO  o.a.catalina.core.StandardService - Starting service [Tomcat]
2025-11-05 15:31:03.036 [main] INFO  o.a.catalina.core.StandardEngine - Starting Servlet engine: [Apache Tomcat/10.1.46]
2025-11-05 15:31:03.076 [main] INFO  o.a.c.c.C.[Tomcat].[localhost].[/] - Initializing Spring embedded WebApplicationContext
2025-11-05 15:31:03.076 [main] INFO  o.s.b.w.s.c.ServletWebServerApplicationContext - Root WebApplicationContext: initialization completed in 1820 ms
2025-11-05 15:31:03.630 [main] INFO  o.s.o.j.p.SpringPersistenceUnitInfo - No LoadTimeWeaver setup: ignoring JPA class transformer
2025-11-05 15:31:03.652 [main] INFO  com.zaxxer.hikari.HikariDataSource - HikariPool-1 - Starting...
2025-11-05 15:31:03.772 [main] INFO  com.zaxxer.hikari.pool.HikariPool - HikariPool-1 - Added connection org.postgresql.jdbc.PgConnection@533d7c61
2025-11-05 15:31:03.773 [main] INFO  com.zaxxer.hikari.HikariDataSource - HikariPool-1 - Start completed.
2025-11-05 15:31:03.798 [main] WARN  org.hibernate.orm.deprecation - HHH90000025: PostgreSQLDialect does not need to be specified explicitly using 'hibernate.dialect' (remove the property setting and it will be selected by default)
2025-11-05 15:31:04.636 [main] INFO  o.s.o.j.LocalContainerEntityManagerFactoryBean - Initialized JPA EntityManagerFactory for persistence unit 'default'
2025-11-05 15:31:05.236 [main] INFO  o.s.d.j.r.query.QueryEnhancerFactory - Hibernate is in classpath; If applicable, HQL parser will be used.
2025-11-05 15:31:06.374 [main] WARN  o.s.b.a.o.j.JpaBaseConfiguration$JpaWebConfiguration - spring.jpa.open-in-view is enabled by default. Therefore, database queries may be performed during view rendering. Explicitly configure spring.jpa.open-in-view to disable this warning
2025-11-05 15:31:06.733 [main] INFO  o.s.v.b.OptionalValidatorFactoryBean - Failed to set up a Bean Validation provider: jakarta.validation.NoProviderFoundException: Unable to create a Configuration, because no Jakarta Bean Validation provider could be found. Add a provider like Hibernate Validator (RI) to your classpath.
2025-11-05 15:31:06.880 [main] INFO  n.d.b.g.s.a.GrpcServerFactoryAutoConfiguration - Detected grpc-netty-shaded: Creating ShadedNettyGrpcServerFactory
2025-11-05 15:31:07.300 [main] INFO  o.a.coyote.http11.Http11NioProtocol - Starting ProtocolHandler ["http-nio-9001"]
2025-11-05 15:31:07.313 [main] INFO  o.s.b.w.e.tomcat.TomcatWebServer - Tomcat started on port 9001 (http) with context path '/'
2025-11-05 15:31:07.417 [main] INFO  n.d.b.g.s.s.AbstractGrpcServerFactory - Registered gRPC service: spring.authservice.grpc.TokenService, bean: tokenServiceGrpcImpl, class: spring.authservice.adapter.in.grpc.TokenServiceGrpcImpl
2025-11-05 15:31:07.417 [main] INFO  n.d.b.g.s.s.AbstractGrpcServerFactory - Registered gRPC service: spring.authservice.grpc.UserInfoService, bean: userInfoGrpcServiceImpl, class: spring.authservice.adapter.in.grpc.UserInfoGrpcServiceImpl
2025-11-05 15:31:07.417 [main] INFO  n.d.b.g.s.s.AbstractGrpcServerFactory - Registered gRPC service: grpc.health.v1.Health, bean: grpcHealthService, class: io.grpc.protobuf.services.HealthServiceImpl
2025-11-05 15:31:07.417 [main] INFO  n.d.b.g.s.s.AbstractGrpcServerFactory - Registered gRPC service: grpc.reflection.v1alpha.ServerReflection, bean: protoReflectionService, class: io.grpc.protobuf.services.ProtoReflectionService
2025-11-05 15:31:07.556 [main] INFO  n.d.b.g.s.s.GrpcServerLifecycle - gRPC Server started, listening on address: *, port: 9090
2025-11-05 15:31:07.569 [main] INFO  s.authservice.AuthServiceApplication - Started AuthServiceApplication in 6.955 seconds (process running for 7.808)
2025-11-05 15:31:15.227 [http-nio-9001-exec-1] INFO  o.a.c.c.C.[Tomcat].[localhost].[/] - Initializing Spring DispatcherServlet 'dispatcherServlet'
2025-11-05 15:31:15.228 [http-nio-9001-exec-1] INFO  o.s.web.servlet.DispatcherServlet - Initializing Servlet 'dispatcherServlet'
2025-11-05 15:31:15.230 [http-nio-9001-exec-1] INFO  o.s.web.servlet.DispatcherServlet - Completed initialization in 2 ms
2025-11-05 15:31:15.748 [http-nio-9001-exec-1] WARN  s.a.application.service.EmailService - 인증코드가 만료되거나 존재하지 않음: null
2025-11-05 15:31:33.685 [SpringApplicationShutdownHook] INFO  n.d.b.g.s.s.GrpcServerLifecycle - Completed gRPC server shutdown
2025-11-05 15:31:33.686 [SpringApplicationShutdownHook] INFO  o.s.b.w.e.tomcat.GracefulShutdown - Commencing graceful shutdown. Waiting for active requests to complete
2025-11-05 15:31:33.689 [tomcat-shutdown] INFO  o.s.b.w.e.tomcat.GracefulShutdown - Graceful shutdown complete
2025-11-05 15:31:33.707 [SpringApplicationShutdownHook] INFO  o.s.o.j.LocalContainerEntityManagerFactoryBean - Closing JPA EntityManagerFactory for persistence unit 'default'
2025-11-05 15:31:33.709 [SpringApplicationShutdownHook] INFO  com.zaxxer.hikari.HikariDataSource - HikariPool-1 - Shutdown initiated...
2025-11-05 15:31:33.711 [SpringApplicationShutdownHook] INFO  com.zaxxer.hikari.HikariDataSource - HikariPool-1 - Shutdown completed.
2025-11-05 15:31:39.072 [main] INFO  s.authservice.AuthServiceApplication - Starting AuthServiceApplication using Java 21.0.8 with PID 5215 (/Users/jeong-yeongjin/Desktop/exProject/project/backend/auth-service/build/classes/java/main started by jeong-yeongjin in /Users/jeong-yeongjin/Desktop/exProject/project/backend/auth-service)
2025-11-05 15:31:39.073 [main] INFO  s.authservice.AuthServiceApplication - The following 1 profile is active: "local"
2025-11-05 15:31:39.839 [main] INFO  o.s.d.r.c.RepositoryConfigurationDelegate - Multiple Spring Data modules found, entering strict repository configuration mode
2025-11-05 15:31:39.841 [main] INFO  o.s.d.r.c.RepositoryConfigurationDelegate - Bootstrapping Spring Data JPA repositories in DEFAULT mode.
2025-11-05 15:31:40.000 [main] INFO  o.s.d.r.c.RepositoryConfigurationDelegate - Finished Spring Data repository scanning in 151 ms. Found 3 JPA repository interfaces.
2025-11-05 15:31:40.015 [main] INFO  o.s.d.r.c.RepositoryConfigurationDelegate - Multiple Spring Data modules found, entering strict repository configuration mode
2025-11-05 15:31:40.016 [main] INFO  o.s.d.r.c.RepositoryConfigurationDelegate - Bootstrapping Spring Data Redis repositories in DEFAULT mode.
2025-11-05 15:31:40.038 [main] INFO  o.s.d.r.c.RepositoryConfigurationExtensionSupport - Spring Data Redis - Could not safely identify store assignment for repository candidate interface spring.authservice.adapter.out.persistence.RefreshTokenSessionRepository; If you want this repository to be a Redis repository, consider annotating your entities with one of these annotations: org.springframework.data.redis.core.RedisHash (preferred), or consider extending one of the following types with your repository: org.springframework.data.keyvalue.repository.KeyValueRepository
2025-11-05 15:31:40.039 [main] INFO  o.s.d.r.c.RepositoryConfigurationExtensionSupport - Spring Data Redis - Could not safely identify store assignment for repository candidate interface spring.authservice.adapter.out.persistence.SecurityAuditLogRepository; If you want this repository to be a Redis repository, consider annotating your entities with one of these annotations: org.springframework.data.redis.core.RedisHash (preferred), or consider extending one of the following types with your repository: org.springframework.data.keyvalue.repository.KeyValueRepository
2025-11-05 15:31:40.039 [main] INFO  o.s.d.r.c.RepositoryConfigurationExtensionSupport - Spring Data Redis - Could not safely identify store assignment for repository candidate interface spring.authservice.adapter.out.persistence.UserRepository; If you want this repository to be a Redis repository, consider annotating your entities with one of these annotations: org.springframework.data.redis.core.RedisHash (preferred), or consider extending one of the following types with your repository: org.springframework.data.keyvalue.repository.KeyValueRepository
2025-11-05 15:31:40.039 [main] INFO  o.s.d.r.c.RepositoryConfigurationDelegate - Finished Spring Data repository scanning in 15 ms. Found 0 Redis repository interfaces.
2025-11-05 15:31:40.823 [main] INFO  o.s.b.w.e.tomcat.TomcatWebServer - Tomcat initialized with port 9001 (http)
2025-11-05 15:31:40.840 [main] INFO  o.a.coyote.http11.Http11NioProtocol - Initializing ProtocolHandler ["http-nio-9001"]
2025-11-05 15:31:40.841 [main] INFO  o.a.catalina.core.StandardService - Starting service [Tomcat]
2025-11-05 15:31:40.841 [main] INFO  o.a.catalina.core.StandardEngine - Starting Servlet engine: [Apache Tomcat/10.1.46]
2025-11-05 15:31:40.892 [main] INFO  o.a.c.c.C.[Tomcat].[localhost].[/] - Initializing Spring embedded WebApplicationContext
2025-11-05 15:31:40.893 [main] INFO  o.s.b.w.s.c.ServletWebServerApplicationContext - Root WebApplicationContext: initialization completed in 1780 ms
2025-11-05 15:31:41.486 [main] INFO  o.s.o.j.p.SpringPersistenceUnitInfo - No LoadTimeWeaver setup: ignoring JPA class transformer
2025-11-05 15:31:41.521 [main] INFO  com.zaxxer.hikari.HikariDataSource - HikariPool-1 - Starting...
2025-11-05 15:31:41.690 [main] INFO  com.zaxxer.hikari.pool.HikariPool - HikariPool-1 - Added connection org.postgresql.jdbc.PgConnection@48f4264e
2025-11-05 15:31:41.691 [main] INFO  com.zaxxer.hikari.HikariDataSource - HikariPool-1 - Start completed.
2025-11-05 15:31:41.736 [main] WARN  org.hibernate.orm.deprecation - HHH90000025: PostgreSQLDialect does not need to be specified explicitly using 'hibernate.dialect' (remove the property setting and it will be selected by default)
2025-11-05 15:31:42.600 [main] INFO  o.s.o.j.LocalContainerEntityManagerFactoryBean - Initialized JPA EntityManagerFactory for persistence unit 'default'
2025-11-05 15:31:43.256 [main] INFO  o.s.d.j.r.query.QueryEnhancerFactory - Hibernate is in classpath; If applicable, HQL parser will be used.
2025-11-05 15:31:44.273 [main] WARN  o.s.b.a.o.j.JpaBaseConfiguration$JpaWebConfiguration - spring.jpa.open-in-view is enabled by default. Therefore, database queries may be performed during view rendering. Explicitly configure spring.jpa.open-in-view to disable this warning
2025-11-05 15:31:44.612 [main] INFO  o.s.v.b.OptionalValidatorFactoryBean - Failed to set up a Bean Validation provider: jakarta.validation.NoProviderFoundException: Unable to create a Configuration, because no Jakarta Bean Validation provider could be found. Add a provider like Hibernate Validator (RI) to your classpath.
2025-11-05 15:31:44.715 [main] INFO  n.d.b.g.s.a.GrpcServerFactoryAutoConfiguration - Detected grpc-netty-shaded: Creating ShadedNettyGrpcServerFactory
2025-11-05 15:31:45.013 [main] INFO  o.a.coyote.http11.Http11NioProtocol - Starting ProtocolHandler ["http-nio-9001"]
2025-11-05 15:31:45.027 [main] INFO  o.s.b.w.e.tomcat.TomcatWebServer - Tomcat started on port 9001 (http) with context path '/'
2025-11-05 15:31:45.130 [main] INFO  n.d.b.g.s.s.AbstractGrpcServerFactory - Registered gRPC service: spring.authservice.grpc.TokenService, bean: tokenServiceGrpcImpl, class: spring.authservice.adapter.in.grpc.TokenServiceGrpcImpl
2025-11-05 15:31:45.131 [main] INFO  n.d.b.g.s.s.AbstractGrpcServerFactory - Registered gRPC service: spring.authservice.grpc.UserInfoService, bean: userInfoGrpcServiceImpl, class: spring.authservice.adapter.in.grpc.UserInfoGrpcServiceImpl
2025-11-05 15:31:45.131 [main] INFO  n.d.b.g.s.s.AbstractGrpcServerFactory - Registered gRPC service: grpc.health.v1.Health, bean: grpcHealthService, class: io.grpc.protobuf.services.HealthServiceImpl
2025-11-05 15:31:45.131 [main] INFO  n.d.b.g.s.s.AbstractGrpcServerFactory - Registered gRPC service: grpc.reflection.v1alpha.ServerReflection, bean: protoReflectionService, class: io.grpc.protobuf.services.ProtoReflectionService
2025-11-05 15:31:45.306 [main] INFO  n.d.b.g.s.s.GrpcServerLifecycle - gRPC Server started, listening on address: *, port: 9090
2025-11-05 15:31:45.319 [main] INFO  s.authservice.AuthServiceApplication - Started AuthServiceApplication in 6.776 seconds (process running for 7.443)
2025-11-05 15:32:38.222 [http-nio-9001-exec-1] INFO  o.a.c.c.C.[Tomcat].[localhost].[/] - Initializing Spring DispatcherServlet 'dispatcherServlet'
2025-11-05 15:32:38.223 [http-nio-9001-exec-1] INFO  o.s.web.servlet.DispatcherServlet - Initializing Servlet 'dispatcherServlet'
2025-11-05 15:32:38.225 [http-nio-9001-exec-1] INFO  o.s.web.servlet.DispatcherServlet - Completed initialization in 1 ms
2025-11-05 15:32:38.836 [http-nio-9001-exec-1] INFO  s.a.application.service.EmailService - 양방향 참조 Redis 저장 완료 - email: yjincode@gmail.com, token: 4e4bf29a273042b5984ad312bd4b40f8, code: 328585
2025-11-05 15:32:42.790 [http-nio-9001-exec-1] INFO  s.a.application.service.EmailService - 이메일 인증 발송 성공: yjincode@gmail.com
2025-11-05 15:32:42.872 [http-nio-9001-exec-2] INFO  s.a.a.i.w.EmailVerificationSseController - SSE 인증 대기 요청: yjincode@gmail.com
2025-11-05 15:32:42.873 [http-nio-9001-exec-2] INFO  s.a.a.s.EmailVerificationSseService - SSE 연결 생성: yjincode@gmail.com
2025-11-05 15:33:07.943 [http-nio-9001-exec-3] WARN  s.a.application.service.EmailService - 인증코드가 만료되거나 존재하지 않음: null
2025-11-05 15:35:36.125 [http-nio-9001-exec-4] INFO  s.a.a.i.w.EmailVerificationSseController - SSE 인증 대기 요청: yjincode@gmail.com
2025-11-05 15:35:36.127 [http-nio-9001-exec-4] INFO  s.a.a.s.EmailVerificationSseService - SSE 연결 생성: yjincode@gmail.com
2025-11-05 15:35:38.947 [http-nio-9001-exec-5] INFO  s.a.application.service.EmailService - 이메일 인증 성공 (코드 방식): yjincode@gmail.com
2025-11-05 15:35:38.955 [redisMessageListenerContainer-1] INFO  s.a.a.s.EmailVerificationSseService - 이메일 인증 완료 알림 수신: yjincode@gmail.com
2025-11-05 15:35:38.955 [redisMessageListenerContainer-2] INFO  s.a.a.s.EmailVerificationSseService - 이메일 인증 완료 알림 수신: yjincode@gmail.com
2025-11-05 15:35:38.963 [redisMessageListenerContainer-2] INFO  s.a.a.s.EmailVerificationSseService - SSE 인증 완료 전송 성공: yjincode@gmail.com
2025-11-05 15:35:38.976 [http-nio-9001-exec-7] INFO  s.a.a.s.EmailVerificationSseService - SSE 연결 정상 종료: yjincode@gmail.com
2025-11-05 15:35:38.981 [http-nio-9001-exec-6] INFO  s.a.a.s.EmailVerificationSseService - SSE 연결 정상 종료: yjincode@gmail.com
2025-11-05 17:00:43.471 [HikariPool-1:housekeeper] WARN  com.zaxxer.hikari.pool.HikariPool - HikariPool-1 - Thread starvation or clock leap detected (housekeeper delta=1m29s138ms).
2025-11-05 17:05:55.002 [HikariPool-1:housekeeper] WARN  com.zaxxer.hikari.pool.HikariPool - HikariPool-1 - Thread starvation or clock leap detected (housekeeper delta=4m41s489ms).
2025-11-05 17:10:36.070 [HikariPool-1:housekeeper] WARN  com.zaxxer.hikari.pool.HikariPool - HikariPool-1 - Thread starvation or clock leap detected (housekeeper delta=4m41s68ms).
2025-11-05 17:15:47.586 [HikariPool-1:housekeeper] WARN  com.zaxxer.hikari.pool.HikariPool - HikariPool-1 - Thread starvation or clock leap detected (housekeeper delta=4m41s508ms).
2025-11-05 17:20:59.144 [HikariPool-1:housekeeper] WARN  com.zaxxer.hikari.pool.HikariPool - HikariPool-1 - Thread starvation or clock leap detected (housekeeper delta=4m41s552ms).
2025-11-05 17:21:09.577 [lettuce-eventExecutorLoop-1-1] INFO  i.l.core.protocol.ConnectionWatchdog - Reconnecting, last destination was localhost/127.0.0.1:6379
2025-11-05 17:21:09.674 [lettuce-nioEventLoop-4-3] WARN  i.l.core.protocol.ConnectionWatchdog - Cannot reconnect to [localhost/<unresolved>:6379]: Connection refused: localhost/127.0.0.1:6379
2025-11-05 17:21:18.698 [lettuce-eventExecutorLoop-1-1] INFO  i.l.core.protocol.ConnectionWatchdog - Reconnecting, last destination was localhost/<unresolved>:6379
2025-11-05 17:21:18.699 [lettuce-nioEventLoop-4-3] WARN  i.l.core.protocol.ConnectionWatchdog - Cannot reconnect to [localhost/<unresolved>:6379]: Connection refused: localhost/127.0.0.1:6379
2025-11-05 17:21:22.602 [HikariPool-1:housekeeper] WARN  com.zaxxer.hikari.pool.PoolBase - HikariPool-1 - Failed to validate connection org.postgresql.jdbc.PgConnection@2d876696 (This connection has been closed.). Possibly consider using a shorter maxLifetime value.
2025-11-05 17:21:23.973 [HikariPool-1:housekeeper] WARN  com.zaxxer.hikari.pool.PoolBase - HikariPool-1 - Failed to validate connection org.postgresql.jdbc.PgConnection@33aa1843 (This connection has been closed.). Possibly consider using a shorter maxLifetime value.
2025-11-05 17:21:26.899 [lettuce-eventExecutorLoop-1-3] INFO  i.l.core.protocol.ConnectionWatchdog - Reconnecting, last destination was localhost/<unresolved>:6379
2025-11-05 17:21:26.902 [lettuce-nioEventLoop-4-4] WARN  i.l.core.protocol.ConnectionWatchdog - Cannot reconnect to [localhost/<unresolved>:6379]: Connection refused: localhost/127.0.0.1:6379
2025-11-05 17:21:31.776 [HikariPool-1:housekeeper] WARN  com.zaxxer.hikari.pool.PoolBase - HikariPool-1 - Failed to validate connection org.postgresql.jdbc.PgConnection@45d94130 (This connection has been closed.). Possibly consider using a shorter maxLifetime value.
2025-11-05 17:21:35.881 [HikariPool-1:housekeeper] WARN  com.zaxxer.hikari.pool.PoolBase - HikariPool-1 - Failed to validate connection org.postgresql.jdbc.PgConnection@1a8050e9 (This connection has been closed.). Possibly consider using a shorter maxLifetime value.
2025-11-05 17:21:37.655 [HikariPool-1:housekeeper] WARN  com.zaxxer.hikari.pool.PoolBase - HikariPool-1 - Failed to validate connection org.postgresql.jdbc.PgConnection@798b3bfa (This connection has been closed.). Possibly consider using a shorter maxLifetime value.
2025-11-05 17:21:38.195 [HikariPool-1:housekeeper] WARN  com.zaxxer.hikari.pool.PoolBase - HikariPool-1 - Failed to validate connection org.postgresql.jdbc.PgConnection@7654253a (This connection has been closed.). Possibly consider using a shorter maxLifetime value.
2025-11-05 17:21:43.298 [lettuce-eventExecutorLoop-1-5] INFO  i.l.core.protocol.ConnectionWatchdog - Reconnecting, last destination was localhost/<unresolved>:6379
2025-11-05 17:21:43.325 [lettuce-nioEventLoop-4-5] INFO  i.l.c.protocol.ReconnectionHandler - Reconnected to localhost/<unresolved>:6379
2025-11-05 17:22:02.355 [HikariPool-1:housekeeper] WARN  com.zaxxer.hikari.pool.PoolBase - HikariPool-1 - Failed to validate connection org.postgresql.jdbc.PgConnection@44fcd55f (This connection has been closed.). Possibly consider using a shorter maxLifetime value.
2025-11-05 17:22:34.810 [HikariPool-1:housekeeper] WARN  com.zaxxer.hikari.pool.PoolBase - HikariPool-1 - Failed to validate connection org.postgresql.jdbc.PgConnection@7c9776bc (This connection has been closed.). Possibly consider using a shorter maxLifetime value.
2025-11-05 17:22:49.689 [HikariPool-1:housekeeper] WARN  com.zaxxer.hikari.pool.PoolBase - HikariPool-1 - Failed to validate connection org.postgresql.jdbc.PgConnection@9c99ff4 (This connection has been closed.). Possibly consider using a shorter maxLifetime value.
2025-11-05 17:22:58.469 [HikariPool-1:housekeeper] WARN  com.zaxxer.hikari.pool.PoolBase - HikariPool-1 - Failed to validate connection org.postgresql.jdbc.PgConnection@c9c9bf3 (This connection has been closed.). Possibly consider using a shorter maxLifetime value.
2025-11-05 17:27:53.225 [http-nio-9001-exec-6] WARN  o.h.e.jdbc.spi.SqlExceptionHelper - SQL Error: 0, SQLState: 42P01
2025-11-05 17:27:53.229 [http-nio-9001-exec-6] ERROR o.h.e.jdbc.spi.SqlExceptionHelper - ERROR: relation "users" does not exist
  Position: 163
2025-11-05 17:27:53.399 [http-nio-9001-exec-6] ERROR o.a.c.c.C.[.[.[.[dispatcherServlet] - Servlet.service() for servlet [dispatcherServlet] in context with path [] threw exception [Request processing failed: org.springframework.dao.InvalidDataAccessResourceUsageException: JDBC exception executing SQL [select u1_0.id,u1_0.auth_provider,u1_0.created_at,u1_0.email,u1_0.nickname,u1_0.password,u1_0.profile_image_url,u1_0.social_id,u1_0.updated_at,u1_0.username from users u1_0 where u1_0.email=?] [ERROR: relation "users" does not exist
  Position: 163] [n/a]; SQL [n/a]] with root cause
org.postgresql.util.PSQLException: ERROR: relation "users" does not exist
  Position: 163
	at org.postgresql.core.v3.QueryExecutorImpl.receiveErrorResponse(QueryExecutorImpl.java:2734)
	at org.postgresql.core.v3.QueryExecutorImpl.processResults(QueryExecutorImpl.java:2421)
	at org.postgresql.core.v3.QueryExecutorImpl.execute(QueryExecutorImpl.java:372)
	at org.postgresql.jdbc.PgStatement.executeInternal(PgStatement.java:518)
	at org.postgresql.jdbc.PgStatement.execute(PgStatement.java:435)
	at org.postgresql.jdbc.PgPreparedStatement.executeWithFlags(PgPreparedStatement.java:196)
	at org.postgresql.jdbc.PgPreparedStatement.executeQuery(PgPreparedStatement.java:139)
	at com.zaxxer.hikari.pool.ProxyPreparedStatement.executeQuery(ProxyPreparedStatement.java:52)
	at com.zaxxer.hikari.pool.HikariProxyPreparedStatement.executeQuery(HikariProxyPreparedStatement.java)
	at org.hibernate.sql.results.jdbc.internal.DeferredResultSetAccess.executeQuery(DeferredResultSetAccess.java:251)
	at org.hibernate.sql.results.jdbc.internal.DeferredResultSetAccess.getResultSet(DeferredResultSetAccess.java:172)
	at org.hibernate.sql.results.jdbc.internal.JdbcValuesResultSetImpl.<init>(JdbcValuesResultSetImpl.java:74)
	at org.hibernate.sql.exec.internal.JdbcSelectExecutorStandardImpl.resolveJdbcValuesSource(JdbcSelectExecutorStandardImpl.java:355)
	at org.hibernate.sql.exec.internal.JdbcSelectExecutorStandardImpl.doExecuteQuery(JdbcSelectExecutorStandardImpl.java:137)
	at org.hibernate.sql.exec.internal.JdbcSelectExecutorStandardImpl.executeQuery(JdbcSelectExecutorStandardImpl.java:102)
	at org.hibernate.sql.exec.spi.JdbcSelectExecutor.executeQuery(JdbcSelectExecutor.java:91)
	at org.hibernate.sql.exec.spi.JdbcSelectExecutor.list(JdbcSelectExecutor.java:165)
	at org.hibernate.query.sqm.internal.ConcreteSqmSelectQueryPlan.lambda$new$1(ConcreteSqmSelectQueryPlan.java:149)
	at org.hibernate.query.sqm.internal.ConcreteSqmSelectQueryPlan.withCacheableSqmInterpretation(ConcreteSqmSelectQueryPlan.java:439)
	at org.hibernate.query.sqm.internal.ConcreteSqmSelectQueryPlan.performList(ConcreteSqmSelectQueryPlan.java:359)
	at org.hibernate.query.sqm.internal.QuerySqmImpl.doList(QuerySqmImpl.java:380)
	at org.hibernate.query.spi.AbstractSelectionQuery.list(AbstractSelectionQuery.java:143)
	at org.hibernate.query.spi.AbstractSelectionQuery.getSingleResult(AbstractSelectionQuery.java:275)
	at org.springframework.data.jpa.repository.query.JpaQueryExecution$SingleEntityExecution.doExecute(JpaQueryExecution.java:226)
	at org.springframework.data.jpa.repository.query.JpaQueryExecution.execute(JpaQueryExecution.java:95)
	at org.springframework.data.jpa.repository.query.AbstractJpaQuery.doExecute(AbstractJpaQuery.java:160)
	at org.springframework.data.jpa.repository.query.AbstractJpaQuery.execute(AbstractJpaQuery.java:148)
	at org.springframework.data.repository.core.support.RepositoryMethodInvoker.doInvoke(RepositoryMethodInvoker.java:170)
	at org.springframework.data.repository.core.support.RepositoryMethodInvoker.invoke(RepositoryMethodInvoker.java:158)
	at org.springframework.data.repository.core.support.QueryExecutorMethodInterceptor.doInvoke(QueryExecutorMethodInterceptor.java:170)
	at org.springframework.data.repository.core.support.QueryExecutorMethodInterceptor.invoke(QueryExecutorMethodInterceptor.java:149)
	at org.springframework.aop.framework.ReflectiveMethodInvocation.proceed(ReflectiveMethodInvocation.java:184)
	at org.springframework.data.projection.DefaultMethodInvokingMethodInterceptor.invoke(DefaultMethodInvokingMethodInterceptor.java:69)
	at org.springframework.aop.framework.ReflectiveMethodInvocation.proceed(ReflectiveMethodInvocation.java:184)
	at org.springframework.transaction.interceptor.TransactionAspectSupport.invokeWithinTransaction(TransactionAspectSupport.java:380)
	at org.springframework.transaction.interceptor.TransactionInterceptor.invoke(TransactionInterceptor.java:119)
	at org.springframework.aop.framework.ReflectiveMethodInvocation.proceed(ReflectiveMethodInvocation.java:184)
	at org.springframework.dao.support.PersistenceExceptionTranslationInterceptor.invoke(PersistenceExceptionTranslationInterceptor.java:138)
	at org.springframework.aop.framework.ReflectiveMethodInvocation.proceed(ReflectiveMethodInvocation.java:184)
	at org.springframework.data.jpa.repository.support.CrudMethodMetadataPostProcessor$CrudMethodMetadataPopulatingMethodInterceptor.invoke(CrudMethodMetadataPostProcessor.java:136)
	at org.springframework.aop.framework.ReflectiveMethodInvocation.proceed(ReflectiveMethodInvocation.java:184)
	at org.springframework.aop.framework.JdkDynamicAopProxy.invoke(JdkDynamicAopProxy.java:223)
	at jdk.proxy2/jdk.proxy2.$Proxy141.findByEmail(Unknown Source)
	at spring.authservice.adapter.out.persistence.UserPersistenceAdapter.findByEmail(UserPersistenceAdapter.java:28)
	at spring.authservice.application.service.UserService.authenticateUser(UserService.java:123)
	at java.base/jdk.internal.reflect.DirectMethodHandleAccessor.invoke(DirectMethodHandleAccessor.java:103)
	at java.base/java.lang.reflect.Method.invoke(Method.java:580)
	at org.springframework.aop.support.AopUtils.invokeJoinpointUsingReflection(AopUtils.java:360)
	at org.springframework.aop.framework.ReflectiveMethodInvocation.invokeJoinpoint(ReflectiveMethodInvocation.java:196)
	at org.springframework.aop.framework.ReflectiveMethodInvocation.proceed(ReflectiveMethodInvocation.java:163)
	at org.springframework.transaction.interceptor.TransactionAspectSupport.invokeWithinTransaction(TransactionAspectSupport.java:380)
	at org.springframework.transaction.interceptor.TransactionInterceptor.invoke(TransactionInterceptor.java:119)
	at org.springframework.aop.framework.ReflectiveMethodInvocation.proceed(ReflectiveMethodInvocation.java:184)
	at org.springframework.aop.framework.CglibAopProxy$DynamicAdvisedInterceptor.intercept(CglibAopProxy.java:728)
	at spring.authservice.application.service.UserService$$SpringCGLIB$$0.authenticateUser(<generated>)
	at spring.authservice.adapter.in.web.UserController.login(UserController.java:43)
	at java.base/jdk.internal.reflect.DirectMethodHandleAccessor.invoke(DirectMethodHandleAccessor.java:103)
	at java.base/java.lang.reflect.Method.invoke(Method.java:580)
	at org.springframework.web.method.support.InvocableHandlerMethod.doInvoke(InvocableHandlerMethod.java:258)
	at org.springframework.web.method.support.InvocableHandlerMethod.invokeForRequest(InvocableHandlerMethod.java:191)
	at org.springframework.web.servlet.mvc.method.annotation.ServletInvocableHandlerMethod.invokeAndHandle(ServletInvocableHandlerMethod.java:118)
	at org.springframework.web.servlet.mvc.method.annotation.RequestMappingHandlerAdapter.invokeHandlerMethod(RequestMappingHandlerAdapter.java:991)
	at org.springframework.web.servlet.mvc.method.annotation.RequestMappingHandlerAdapter.handleInternal(RequestMappingHandlerAdapter.java:896)
	at org.springframework.web.servlet.mvc.method.AbstractHandlerMethodAdapter.handle(AbstractHandlerMethodAdapter.java:87)
	at org.springframework.web.servlet.DispatcherServlet.doDispatch(DispatcherServlet.java:1089)
	at org.springframework.web.servlet.DispatcherServlet.doService(DispatcherServlet.java:979)
	at org.springframework.web.servlet.FrameworkServlet.processRequest(FrameworkServlet.java:1014)
	at org.springframework.web.servlet.FrameworkServlet.doPost(FrameworkServlet.java:914)
	at jakarta.servlet.http.HttpServlet.service(HttpServlet.java:590)
	at org.springframework.web.servlet.FrameworkServlet.service(FrameworkServlet.java:885)
	at jakarta.servlet.http.HttpServlet.service(HttpServlet.java:658)
	at org.apache.catalina.core.ApplicationFilterChain.internalDoFilter(ApplicationFilterChain.java:195)
	at org.apache.catalina.core.ApplicationFilterChain.doFilter(ApplicationFilterChain.java:140)
	at org.apache.tomcat.websocket.server.WsFilter.doFilter(WsFilter.java:51)
	at org.apache.catalina.core.ApplicationFilterChain.internalDoFilter(ApplicationFilterChain.java:164)
	at org.apache.catalina.core.ApplicationFilterChain.doFilter(ApplicationFilterChain.java:140)
	at org.springframework.web.filter.CompositeFilter$VirtualFilterChain.doFilter(CompositeFilter.java:108)
	at org.springframework.web.filter.CompositeFilter$VirtualFilterChain.doFilter(CompositeFilter.java:108)
	at org.springframework.security.web.FilterChainProxy.lambda$doFilterInternal$3(FilterChainProxy.java:231)
	at org.springframework.security.web.FilterChainProxy$VirtualFilterChain.doFilter(FilterChainProxy.java:365)
	at org.springframework.security.web.access.intercept.AuthorizationFilter.doFilter(AuthorizationFilter.java:101)
	at org.springframework.security.web.FilterChainProxy$VirtualFilterChain.doFilter(FilterChainProxy.java:374)
	at org.springframework.security.web.access.ExceptionTranslationFilter.doFilter(ExceptionTranslationFilter.java:125)
	at org.springframework.security.web.access.ExceptionTranslationFilter.doFilter(ExceptionTranslationFilter.java:119)
	at org.springframework.security.web.FilterChainProxy$VirtualFilterChain.doFilter(FilterChainProxy.java:374)
	at org.springframework.security.web.session.SessionManagementFilter.doFilter(SessionManagementFilter.java:131)
	at org.springframework.security.web.session.SessionManagementFilter.doFilter(SessionManagementFilter.java:85)
	at org.springframework.security.web.FilterChainProxy$VirtualFilterChain.doFilter(FilterChainProxy.java:374)
	at org.springframework.security.web.authentication.AnonymousAuthenticationFilter.doFilter(AnonymousAuthenticationFilter.java:100)
	at org.springframework.security.web.FilterChainProxy$VirtualFilterChain.doFilter(FilterChainProxy.java:374)
	at org.springframework.security.web.servletapi.SecurityContextHolderAwareRequestFilter.doFilter(SecurityContextHolderAwareRequestFilter.java:179)
	at org.springframework.security.web.FilterChainProxy$VirtualFilterChain.doFilter(FilterChainProxy.java:374)
	at org.springframework.security.web.savedrequest.RequestCacheAwareFilter.doFilter(RequestCacheAwareFilter.java:63)
	at org.springframework.security.web.FilterChainProxy$VirtualFilterChain.doFilter(FilterChainProxy.java:374)
	at org.springframework.security.web.authentication.logout.LogoutFilter.doFilter(LogoutFilter.java:107)
	at org.springframework.security.web.authentication.logout.LogoutFilter.doFilter(LogoutFilter.java:93)
	at org.springframework.security.web.FilterChainProxy$VirtualFilterChain.doFilter(FilterChainProxy.java:374)
	at org.springframework.web.filter.CorsFilter.doFilterInternal(CorsFilter.java:91)
	at org.springframework.web.filter.OncePerRequestFilter.doFilter(OncePerRequestFilter.java:116)
	at org.springframework.security.web.FilterChainProxy$VirtualFilterChain.doFilter(FilterChainProxy.java:374)
	at org.springframework.security.web.header.HeaderWriterFilter.doHeadersAfter(HeaderWriterFilter.java:90)
	at org.springframework.security.web.header.HeaderWriterFilter.doFilterInternal(HeaderWriterFilter.java:75)
	at org.springframework.web.filter.OncePerRequestFilter.doFilter(OncePerRequestFilter.java:116)
	at org.springframework.security.web.FilterChainProxy$VirtualFilterChain.doFilter(FilterChainProxy.java:374)
	at org.springframework.security.web.context.SecurityContextHolderFilter.doFilter(SecurityContextHolderFilter.java:82)
	at org.springframework.security.web.context.SecurityContextHolderFilter.doFilter(SecurityContextHolderFilter.java:69)
	at org.springframework.security.web.FilterChainProxy$VirtualFilterChain.doFilter(FilterChainProxy.java:374)
	at org.springframework.security.web.context.request.async.WebAsyncManagerIntegrationFilter.doFilterInternal(WebAsyncManagerIntegrationFilter.java:62)
	at org.springframework.web.filter.OncePerRequestFilter.doFilter(OncePerRequestFilter.java:116)
	at org.springframework.security.web.FilterChainProxy$VirtualFilterChain.doFilter(FilterChainProxy.java:374)
	at org.springframework.security.web.session.DisableEncodeUrlFilter.doFilterInternal(DisableEncodeUrlFilter.java:42)
	at org.springframework.web.filter.OncePerRequestFilter.doFilter(OncePerRequestFilter.java:116)
	at org.springframework.security.web.FilterChainProxy$VirtualFilterChain.doFilter(FilterChainProxy.java:374)
	at org.springframework.security.web.FilterChainProxy.doFilterInternal(FilterChainProxy.java:233)
	at org.springframework.security.web.FilterChainProxy.doFilter(FilterChainProxy.java:191)
	at org.springframework.web.filter.CompositeFilter$VirtualFilterChain.doFilter(CompositeFilter.java:113)
	at org.springframework.web.filter.ServletRequestPathFilter.doFilter(ServletRequestPathFilter.java:52)
	at org.springframework.web.filter.CompositeFilter$VirtualFilterChain.doFilter(CompositeFilter.java:113)
	at org.springframework.web.filter.CompositeFilter.doFilter(CompositeFilter.java:74)
	at org.springframework.security.config.annotation.web.configuration.WebSecurityConfiguration$CompositeFilterChainProxy.doFilter(WebSecurityConfiguration.java:319)
	at org.springframework.web.filter.CompositeFilter$VirtualFilterChain.doFilter(CompositeFilter.java:113)
	at org.springframework.web.servlet.handler.HandlerMappingIntrospector.lambda$createCacheFilter$4(HandlerMappingIntrospector.java:267)
	at org.springframework.web.filter.CompositeFilter$VirtualFilterChain.doFilter(CompositeFilter.java:113)
	at org.springframework.web.filter.CompositeFilter.doFilter(CompositeFilter.java:74)
	at org.springframework.security.config.annotation.web.configuration.WebMvcSecurityConfiguration$CompositeFilterChainProxy.doFilter(WebMvcSecurityConfiguration.java:240)
	at org.springframework.web.filter.DelegatingFilterProxy.invokeDelegate(DelegatingFilterProxy.java:362)
	at org.springframework.web.filter.DelegatingFilterProxy.doFilter(DelegatingFilterProxy.java:278)
	at org.apache.catalina.core.ApplicationFilterChain.internalDoFilter(ApplicationFilterChain.java:164)
	at org.apache.catalina.core.ApplicationFilterChain.doFilter(ApplicationFilterChain.java:140)
	at org.springframework.web.filter.RequestContextFilter.doFilterInternal(RequestContextFilter.java:100)
	at org.springframework.web.filter.OncePerRequestFilter.doFilter(OncePerRequestFilter.java:116)
	at org.apache.catalina.core.ApplicationFilterChain.internalDoFilter(ApplicationFilterChain.java:164)
	at org.apache.catalina.core.ApplicationFilterChain.doFilter(ApplicationFilterChain.java:140)
	at org.springframework.web.filter.FormContentFilter.doFilterInternal(FormContentFilter.java:93)
	at org.springframework.web.filter.OncePerRequestFilter.doFilter(OncePerRequestFilter.java:116)
	at org.apache.catalina.core.ApplicationFilterChain.internalDoFilter(ApplicationFilterChain.java:164)
	at org.apache.catalina.core.ApplicationFilterChain.doFilter(ApplicationFilterChain.java:140)
	at org.springframework.web.filter.CharacterEncodingFilter.doFilterInternal(CharacterEncodingFilter.java:201)
	at org.springframework.web.filter.OncePerRequestFilter.doFilter(OncePerRequestFilter.java:116)
	at org.apache.catalina.core.ApplicationFilterChain.internalDoFilter(ApplicationFilterChain.java:164)
	at org.apache.catalina.core.ApplicationFilterChain.doFilter(ApplicationFilterChain.java:140)
	at org.apache.catalina.core.StandardWrapperValve.invoke(StandardWrapperValve.java:167)
	at org.apache.catalina.core.StandardContextValve.invoke(StandardContextValve.java:90)
	at org.apache.catalina.authenticator.AuthenticatorBase.invoke(AuthenticatorBase.java:483)
	at org.apache.catalina.core.StandardHostValve.invoke(StandardHostValve.java:116)
	at org.apache.catalina.valves.ErrorReportValve.invoke(ErrorReportValve.java:93)
	at org.apache.catalina.core.StandardEngineValve.invoke(StandardEngineValve.java:74)
	at org.apache.catalina.connector.CoyoteAdapter.service(CoyoteAdapter.java:344)
	at org.apache.coyote.http11.Http11Processor.service(Http11Processor.java:398)
	at org.apache.coyote.AbstractProcessorLight.process(AbstractProcessorLight.java:63)
	at org.apache.coyote.AbstractProtocol$ConnectionHandler.process(AbstractProtocol.java:903)
	at org.apache.tomcat.util.net.NioEndpoint$SocketProcessor.doRun(NioEndpoint.java:1776)
	at org.apache.tomcat.util.net.SocketProcessorBase.run(SocketProcessorBase.java:52)
	at org.apache.tomcat.util.threads.ThreadPoolExecutor.runWorker(ThreadPoolExecutor.java:975)
	at org.apache.tomcat.util.threads.ThreadPoolExecutor$Worker.run(ThreadPoolExecutor.java:493)
	at org.apache.tomcat.util.threads.TaskThread$WrappingRunnable.run(TaskThread.java:63)
	at java.base/java.lang.Thread.run(Thread.java:1583)
2025-11-05 17:27:56.480 [SpringApplicationShutdownHook] INFO  n.d.b.g.s.s.GrpcServerLifecycle - Completed gRPC server shutdown
2025-11-05 17:27:56.486 [SpringApplicationShutdownHook] INFO  o.s.b.w.e.tomcat.GracefulShutdown - Commencing graceful shutdown. Waiting for active requests to complete
2025-11-05 17:27:56.495 [tomcat-shutdown] INFO  o.s.b.w.e.tomcat.GracefulShutdown - Graceful shutdown complete
2025-11-05 17:27:56.539 [SpringApplicationShutdownHook] INFO  o.s.o.j.LocalContainerEntityManagerFactoryBean - Closing JPA EntityManagerFactory for persistence unit 'default'
2025-11-05 17:27:56.554 [SpringApplicationShutdownHook] INFO  com.zaxxer.hikari.HikariDataSource - HikariPool-1 - Shutdown initiated...
2025-11-05 17:27:56.557 [SpringApplicationShutdownHook] INFO  com.zaxxer.hikari.HikariDataSource - HikariPool-1 - Shutdown completed.
2025-11-05 17:28:06.927 [main] INFO  s.authservice.AuthServiceApplication - Starting AuthServiceApplication using Java 21.0.8 with PID 69682 (/Users/jeong-yeongjin/Desktop/exProject/project/backend/auth-service/build/classes/java/main started by jeong-yeongjin in /Users/jeong-yeongjin/Desktop/exProject/project/backend/auth-service)
2025-11-05 17:28:06.932 [main] INFO  s.authservice.AuthServiceApplication - The following 1 profile is active: "local"
2025-11-05 17:28:08.204 [main] INFO  o.s.d.r.c.RepositoryConfigurationDelegate - Multiple Spring Data modules found, entering strict repository configuration mode
2025-11-05 17:28:08.206 [main] INFO  o.s.d.r.c.RepositoryConfigurationDelegate - Bootstrapping Spring Data JPA repositories in DEFAULT mode.
2025-11-05 17:28:08.440 [main] INFO  o.s.d.r.c.RepositoryConfigurationDelegate - Finished Spring Data repository scanning in 225 ms. Found 2 JPA repository interfaces.
2025-11-05 17:28:08.465 [main] INFO  o.s.d.r.c.RepositoryConfigurationDelegate - Multiple Spring Data modules found, entering strict repository configuration mode
2025-11-05 17:28:08.467 [main] INFO  o.s.d.r.c.RepositoryConfigurationDelegate - Bootstrapping Spring Data Redis repositories in DEFAULT mode.
2025-11-05 17:28:08.488 [main] INFO  o.s.d.r.c.RepositoryConfigurationExtensionSupport - Spring Data Redis - Could not safely identify store assignment for repository candidate interface spring.authservice.adapter.out.persistence.RefreshTokenSessionRepository; If you want this repository to be a Redis repository, consider annotating your entities with one of these annotations: org.springframework.data.redis.core.RedisHash (preferred), or consider extending one of the following types with your repository: org.springframework.data.keyvalue.repository.KeyValueRepository
2025-11-05 17:28:08.489 [main] INFO  o.s.d.r.c.RepositoryConfigurationExtensionSupport - Spring Data Redis - Could not safely identify store assignment for repository candidate interface spring.authservice.adapter.out.persistence.UserRepository; If you want this repository to be a Redis repository, consider annotating your entities with one of these annotations: org.springframework.data.redis.core.RedisHash (preferred), or consider extending one of the following types with your repository: org.springframework.data.keyvalue.repository.KeyValueRepository
2025-11-05 17:28:08.489 [main] INFO  o.s.d.r.c.RepositoryConfigurationDelegate - Finished Spring Data repository scanning in 11 ms. Found 0 Redis repository interfaces.
2025-11-05 17:28:09.175 [main] INFO  o.s.b.w.e.tomcat.TomcatWebServer - Tomcat initialized with port 9001 (http)
2025-11-05 17:28:09.186 [main] INFO  o.a.coyote.http11.Http11NioProtocol - Initializing ProtocolHandler ["http-nio-9001"]
2025-11-05 17:28:09.187 [main] INFO  o.a.catalina.core.StandardService - Starting service [Tomcat]
2025-11-05 17:28:09.187 [main] INFO  o.a.catalina.core.StandardEngine - Starting Servlet engine: [Apache Tomcat/10.1.46]
2025-11-05 17:28:09.229 [main] INFO  o.a.c.c.C.[Tomcat].[localhost].[/] - Initializing Spring embedded WebApplicationContext
2025-11-05 17:28:09.229 [main] INFO  o.s.b.w.s.c.ServletWebServerApplicationContext - Root WebApplicationContext: initialization completed in 2166 ms
2025-11-05 17:28:09.805 [main] INFO  o.s.o.j.p.SpringPersistenceUnitInfo - No LoadTimeWeaver setup: ignoring JPA class transformer
2025-11-05 17:28:09.842 [main] INFO  com.zaxxer.hikari.HikariDataSource - HikariPool-1 - Starting...
2025-11-05 17:28:09.990 [main] INFO  com.zaxxer.hikari.pool.HikariPool - HikariPool-1 - Added connection org.postgresql.jdbc.PgConnection@6fd97fd1
2025-11-05 17:28:09.991 [main] INFO  com.zaxxer.hikari.HikariDataSource - HikariPool-1 - Start completed.
2025-11-05 17:28:10.023 [main] WARN  org.hibernate.orm.deprecation - HHH90000025: PostgreSQLDialect does not need to be specified explicitly using 'hibernate.dialect' (remove the property setting and it will be selected by default)
2025-11-05 17:28:10.977 [main] WARN  o.h.e.jdbc.spi.SqlExceptionHelper - SQL Warning Code: 0, SQLState: 00000
2025-11-05 17:28:10.977 [main] WARN  o.h.e.jdbc.spi.SqlExceptionHelper - constraint "uk6dotkott2kjsp8vw4d0m25fb7" of relation "users" does not exist, skipping
2025-11-05 17:28:10.982 [main] WARN  o.h.e.jdbc.spi.SqlExceptionHelper - SQL Warning Code: 0, SQLState: 00000
2025-11-05 17:28:10.982 [main] WARN  o.h.e.jdbc.spi.SqlExceptionHelper - constraint "ukg6t6xceecpep2b40vy35x1nve" of relation "users" does not exist, skipping
2025-11-05 17:28:10.986 [main] INFO  o.s.o.j.LocalContainerEntityManagerFactoryBean - Initialized JPA EntityManagerFactory for persistence unit 'default'
2025-11-05 17:28:11.867 [main] INFO  o.s.d.j.r.query.QueryEnhancerFactory - Hibernate is in classpath; If applicable, HQL parser will be used.
2025-11-05 17:28:12.787 [main] WARN  o.s.b.a.o.j.JpaBaseConfiguration$JpaWebConfiguration - spring.jpa.open-in-view is enabled by default. Therefore, database queries may be performed during view rendering. Explicitly configure spring.jpa.open-in-view to disable this warning
2025-11-05 17:28:13.084 [main] INFO  o.s.v.b.OptionalValidatorFactoryBean - Failed to set up a Bean Validation provider: jakarta.validation.NoProviderFoundException: Unable to create a Configuration, because no Jakarta Bean Validation provider could be found. Add a provider like Hibernate Validator (RI) to your classpath.
2025-11-05 17:28:13.183 [main] INFO  n.d.b.g.s.a.GrpcServerFactoryAutoConfiguration - Detected grpc-netty-shaded: Creating ShadedNettyGrpcServerFactory
2025-11-05 17:28:13.459 [main] INFO  o.a.coyote.http11.Http11NioProtocol - Starting ProtocolHandler ["http-nio-9001"]
2025-11-05 17:28:13.469 [main] INFO  o.s.b.w.e.tomcat.TomcatWebServer - Tomcat started on port 9001 (http) with context path '/'
2025-11-05 17:28:13.548 [main] INFO  n.d.b.g.s.s.AbstractGrpcServerFactory - Registered gRPC service: spring.authservice.grpc.TokenService, bean: tokenServiceGrpcImpl, class: spring.authservice.adapter.in.grpc.TokenServiceGrpcImpl
2025-11-05 17:28:13.548 [main] INFO  n.d.b.g.s.s.AbstractGrpcServerFactory - Registered gRPC service: spring.authservice.grpc.UserInfoService, bean: userInfoGrpcServiceImpl, class: spring.authservice.adapter.in.grpc.UserInfoGrpcServiceImpl
2025-11-05 17:28:13.548 [main] INFO  n.d.b.g.s.s.AbstractGrpcServerFactory - Registered gRPC service: grpc.health.v1.Health, bean: grpcHealthService, class: io.grpc.protobuf.services.HealthServiceImpl
2025-11-05 17:28:13.548 [main] INFO  n.d.b.g.s.s.AbstractGrpcServerFactory - Registered gRPC service: grpc.reflection.v1alpha.ServerReflection, bean: protoReflectionService, class: io.grpc.protobuf.services.ProtoReflectionService
2025-11-05 17:28:13.647 [main] INFO  n.d.b.g.s.s.GrpcServerLifecycle - gRPC Server started, listening on address: *, port: 9090
2025-11-05 17:28:13.657 [main] INFO  s.authservice.AuthServiceApplication - Started AuthServiceApplication in 8.449 seconds (process running for 9.485)
2025-11-05 17:28:20.404 [http-nio-9001-exec-1] INFO  o.a.c.c.C.[Tomcat].[localhost].[/] - Initializing Spring DispatcherServlet 'dispatcherServlet'
2025-11-05 17:28:20.405 [http-nio-9001-exec-1] INFO  o.s.web.servlet.DispatcherServlet - Initializing Servlet 'dispatcherServlet'
2025-11-05 17:28:20.406 [http-nio-9001-exec-1] INFO  o.s.web.servlet.DispatcherServlet - Completed initialization in 1 ms
2025-11-05 17:28:25.917 [http-nio-9001-exec-2] INFO  s.a.application.service.EmailService - 양방향 참조 Redis 저장 완료 - email: yjincode@gmail.com, token: c47b3a6ee43c43d99411887a5832fc6f, code: 626210
2025-11-05 17:28:31.138 [http-nio-9001-exec-2] INFO  s.a.application.service.EmailService - 이메일 인증 발송 성공: yjincode@gmail.com
2025-11-05 17:28:31.204 [http-nio-9001-exec-3] INFO  s.a.a.i.w.EmailVerificationSseController - SSE 인증 대기 요청: yjincode@gmail.com
2025-11-05 17:28:31.205 [http-nio-9001-exec-3] INFO  s.a.a.s.EmailVerificationSseService - SSE 연결 생성: yjincode@gmail.com
2025-11-05 17:28:39.658 [http-nio-9001-exec-4] INFO  s.a.application.service.EmailService - 토큰 기반 이메일 인증 성공: yjincode@gmail.com (token: c47b3a6ee43c43d99411887a5832fc6f)
2025-11-05 17:28:39.670 [redisMessageListenerContainer-1] INFO  s.a.a.s.EmailVerificationSseService - 이메일 인증 완료 알림 수신: yjincode@gmail.com
2025-11-05 17:28:39.681 [redisMessageListenerContainer-1] INFO  s.a.a.s.EmailVerificationSseService - SSE 인증 완료 전송 성공: yjincode@gmail.com
2025-11-05 17:28:39.692 [http-nio-9001-exec-5] INFO  s.a.a.s.EmailVerificationSseService - SSE 연결 정상 종료: yjincode@gmail.com
2025-11-05 17:29:04.960 [http-nio-9001-exec-6] INFO  s.a.a.s.RefreshTokenSessionService - Session created: userId=1, sessionId=68e79eae-39cc-4159-ba9b-bbc02fe2c612, device=Mac
2025-11-05 17:29:51.962 [http-nio-9001-exec-9] INFO  s.a.a.s.RefreshTokenSessionService - Session revoked by token: userId=1, sessionId=68e79eae-39cc-4159-ba9b-bbc02fe2c612
2025-11-05 17:30:37.029 [http-nio-9001-exec-10] INFO  s.a.a.s.RefreshTokenSessionService - Session created: userId=1, sessionId=b3d5dce3-b33f-4089-9e75-1bd0fb09790e, device=Mac
2025-11-05 18:19:01.749 [http-nio-9001-exec-2] INFO  s.a.a.s.RefreshTokenSessionService - Session revoked by token: userId=1, sessionId=b3d5dce3-b33f-4089-9e75-1bd0fb09790e
2025-11-05 18:19:17.496 [http-nio-9001-exec-3] INFO  s.a.a.s.RefreshTokenSessionService - Session created: userId=1, sessionId=cb17f048-a3dc-4a92-aa81-2dbd4520942f, device=Mac
2025-11-05 18:24:46.531 [http-nio-9001-exec-4] INFO  s.a.a.s.RefreshTokenSessionService - Session revoked by token: userId=1, sessionId=cb17f048-a3dc-4a92-aa81-2dbd4520942f
2025-11-05 18:24:52.712 [http-nio-9001-exec-6] INFO  s.a.a.s.RefreshTokenSessionService - Session created: userId=1, sessionId=a0fe09b0-8c37-488f-a429-145c4cd09cea, device=Mac
2025-11-05 18:28:31.739 [http-nio-9001-exec-7] INFO  s.a.a.s.RefreshTokenSessionService - Session revoked by token: userId=1, sessionId=a0fe09b0-8c37-488f-a429-145c4cd09cea
2025-11-05 18:28:37.259 [http-nio-9001-exec-9] INFO  s.a.a.s.RefreshTokenSessionService - Session created: userId=1, sessionId=316ef37b-2740-4fce-81ac-b424229ed8b7, device=Mac
2025-11-05 18:33:41.053 [http-nio-9001-exec-1] INFO  s.a.a.s.RefreshTokenSessionService - Session revoked by token: userId=1, sessionId=316ef37b-2740-4fce-81ac-b424229ed8b7
2025-11-05 18:44:49.065 [http-nio-9001-exec-3] INFO  s.a.a.s.RefreshTokenSessionService - Session created: userId=1, sessionId=00a45662-df23-4c6a-84eb-3bf07b405298, device=Mac
2025-11-05 18:44:55.834 [http-nio-9001-exec-5] INFO  s.a.a.s.RefreshTokenSessionService - Session revoked by token: userId=1, sessionId=00a45662-df23-4c6a-84eb-3bf07b405298
2025-11-05 18:45:02.944 [http-nio-9001-exec-4] INFO  s.a.a.s.RefreshTokenSessionService - Session created: userId=1, sessionId=5f67cfdd-1f06-489f-aa1b-117ce860a384, device=Mac
2025-11-05 18:51:46.053 [SpringApplicationShutdownHook] INFO  n.d.b.g.s.s.GrpcServerLifecycle - Completed gRPC server shutdown
2025-11-05 18:51:46.083 [SpringApplicationShutdownHook] INFO  o.s.b.w.e.tomcat.GracefulShutdown - Commencing graceful shutdown. Waiting for active requests to complete
2025-11-05 18:51:46.150 [tomcat-shutdown] INFO  o.s.b.w.e.tomcat.GracefulShutdown - Graceful shutdown complete
2025-11-05 18:51:46.383 [SpringApplicationShutdownHook] INFO  o.s.o.j.LocalContainerEntityManagerFactoryBean - Closing JPA EntityManagerFactory for persistence unit 'default'
2025-11-05 18:51:46.421 [SpringApplicationShutdownHook] INFO  com.zaxxer.hikari.HikariDataSource - HikariPool-1 - Shutdown initiated...
2025-11-05 18:51:46.440 [SpringApplicationShutdownHook] INFO  com.zaxxer.hikari.HikariDataSource - HikariPool-1 - Shutdown completed.
